no_of_adults,no_of_children,no_of_weekend_nights,no_of_week_nights,type_of_meal_plan,required_car_parking_space,room_type_reserved,lead_time,arrival_year,arrival_month,arrival_date,market_segment_type,repeated_guest,no_of_previous_cancellations,no_of_previous_bookings_not_canceled,avg_price_per_room,no_of_special_requests
2,0,2,2,0,0.0,0,0.0,2018.0,4,28,0.0,0.0,0,0,0.0,0.0
2,0,2,3,0,0.0,0,111.0,2018.0,2,7,0.0,0.0,0,0,87.0,0.0
2,1,0,1,0,1.0,0,0.0,2017.0,8,28,0.0,0.0,0,0,164.0,0.0
2,0,2,2,0,0.0,0,0.0,2018.0,3,7,0.0,0.0,0,0,48.4,0.0
2,0,2,4,0,0.0,0,0.0,2018.0,1,29,0.0,0.0,0,0,60.0,0.0
2,0,1,2,0,0.0,0,0.0,2018.0,1,1,0.0,0.0,0,0,60.0,0.0
2,0,2,3,0,0.0,0,0.0,2018.0,5,12,0.0,0.0,0,0,110.0,0.0
2,0,0,2,2,0.0,0,0.0,2018.0,3,18,0.0,0.0,0,0,115.0,0.0
2,0,2,3,0,0.0,0,0.0,2018.0,4,2,0.0,0.0,0,0,0.0,0.0
2,2,1,2,0,0.0,3,0.0,2018.0,10,10,1.0,0.0,0,0,190.8,0.0
2,0,1,2,0,0.0,1,0.0,2018.0,10,26,0.0,0.0,0,0,101.87,0.0
2,0,2,4,0,0.0,1,0.0,2018.0,4,9,0.0,0.0,0,0,95.2,0.0
3,0,2,2,0,0.0,1,0.0,2018.0,7,31,1.0,0.0,0,0,142.2,0.0
1,0,1,2,0,1.0,0,0.0,2018.0,12,12,2.0,1.0,2,18,67.0,0.0
1,0,0,2,2,0.0,0,0.0,2017.0,9,4,0.0,0.0,0,0,80.5,0.0
2,0,2,2,0,0.0,0,0.0,2018.0,12,26,0.0,0.0,0,0,54.09,0.0
1,0,0,1,0,0.0,0,0.0,2018.0,7,7,2.0,0.0,0,0,89.0,0.0
2,0,0,4,0,0.0,0,0.0,2018.0,9,28,1.0,0.0,0,0,96.3,0.0
2,0,1,3,0,0.0,0,0.0,2018.0,7,24,0.0,0.0,0,0,72.25,0.0
2,0,2,2,0,0.0,0,0.0,2017.0,9,14,1.0,0.0,0,0,89.25,0.0
2,0,0,4,0,0.0,1,0.0,2018.0,10,25,0.0,0.0,0,0,104.4,0.0
2,0,0,4,1,0.0,0,0.0,2017.0,12,28,0.0,0.0,0,0,62.21,0.0
2,0,2,5,0,0.0,2,0.0,2017.0,10,1,0.0,0.0,0,0,68.72,0.0
1,0,1,2,0,0.0,0,0.0,2018.0,7,1,0.0,0.0,0,0,75.0,0.0
1,0,1,3,0,0.0,0,0.0,2018.0,9,8,0.0,0.0,0,0,85.0,0.0
2,0,0,4,0,0.0,1,0.0,2018.0,8,31,1.0,0.0,0,0,118.15,1.0
3,0,0,1,0,0.0,1,0.0,2018.0,3,22,1.0,0.0,0,0,0.0,0.0
2,0,0,2,0,0.0,0,0.0,2018.0,8,7,1.0,0.0,0,0,0.0,0.0
1,0,0,2,1,0.0,0,0.0,2018.0,5,22,0.0,0.0,0,0,98.8,0.0
1,0,2,2,2,0.0,0,0.0,2018.0,2,27,0.0,0.0,0,0,76.0,0.0
2,0,0,3,0,0.0,0,0.0,2017.0,12,29,0.0,0.0,0,0,85.0,0.0
3,0,1,2,0,0.0,1,94.0,2017.0,7,25,0.0,0.0,0,0,0.0,2.0
2,0,0,3,0,0.0,0,0.0,2018.0,9,15,0.0,0.0,0,0,120.0,0.0
2,1,1,2,0,0.0,2,0.0,2018.0,8,17,0.0,0.0,0,0,94.78,0.0
2,0,1,3,0,0.0,0,0.0,2017.0,9,12,0.0,0.0,0,0,95.0,0.0
2,0,2,3,0,0.0,0,0.0,2018.0,8,8,1.0,0.0,0,0,114.3,0.0
2,0,0,3,0,0.0,0,94.0,2018.0,4,26,0.0,0.0,0,0,96.3,0.0
2,0,0,5,0,0.0,0,0.0,2017.0,11,13,0.0,0.0,0,0,70.0,0.0
2,0,1,3,2,0.0,0,0.0,2018.0,12,12,1.0,0.0,0,0,120.7,0.0
1,0,0,2,0,0.0,0,0.0,2018.0,3,29,0.0,0.0,0,0,90.0,0.0
2,0,0,3,1,0.0,0,0.0,2018.0,10,25,1.0,0.0,0,0,80.1,0.0
2,0,0,2,0,0.0,1,0.0,2018.0,10,31,0.0,0.0,0,0,132.3,0.0
2,0,2,2,0,0.0,0,0.0,2018.0,9,3,0.0,0.0,0,0,113.4,0.0
1,0,0,1,0,0.0,0,0.0,2018.0,10,30,0.0,0.0,0,0,95.0,0.0
2,0,0,3,0,0.0,0,0.0,2018.0,9,13,0.0,0.0,0,0,95.0,0.0
2,0,1,0,1,0.0,0,0.0,2018.0,8,27,0.0,0.0,0,0,85.5,0.0
2,0,0,2,0,1.0,1,0.0,2018.0,3,22,0.0,0.0,0,0,116.0,0.0
2,0,1,1,2,0.0,0,247.0,2018.0,6,6,0.0,1.0,1,0,115.0,0.0
2,0,0,3,0,0.0,1,0.0,2018.0,5,6,1.0,0.0,0,0,114.3,0.0
2,0,2,5,1,0.0,2,0.0,2017.0,8,14,0.0,0.0,0,0,85.29,0.0
2,0,0,1,2,0.0,0,0.0,2018.0,8,5,0.0,0.0,0,0,115.0,0.0
2,0,0,3,2,0.0,0,0.0,2018.0,8,9,0.0,0.0,0,0,123.25,0.0
2,0,2,2,0,0.0,0,0.0,2018.0,8,28,1.0,0.0,0,0,90.95,0.0
1,0,1,2,0,0.0,0,0.0,2018.0,9,11,0.0,0.0,0,0,96.0,0.0
2,0,0,4,0,0.0,1,0.0,2018.0,1,30,1.0,0.0,0,0,91.25,0.0
3,0,0,3,0,0.0,1,0.0,2018.0,7,9,1.0,0.0,0,0,148.5,0.0
2,0,0,4,0,0.0,0,0.0,2018.0,5,6,0.0,0.0,0,0,75.0,0.0
1,0,2,0,0,0.0,0,0.0,2018.0,10,23,0.0,0.0,0,0,90.0,0.0
2,0,1,3,2,0.0,0,0.0,2018.0,5,10,0.0,0.0,0,0,98.0,0.0
1,0,0,1,2,0.0,0,0.0,2018.0,6,6,0.0,0.0,0,0,90.0,0.0
2,1,0,4,0,0.0,1,0.0,2017.0,9,4,0.0,0.0,0,0,119.16,0.0
2,0,2,3,0,0.0,1,0.0,2017.0,5,31,0.0,0.0,0,0,90.95,0.0
1,0,2,5,0,0.0,0,0.0,2018.0,10,1,1.0,0.0,0,0,108.9,0.0
2,0,2,2,0,0.0,2,0.0,2018.0,6,19,0.0,0.0,0,0,109.83,1.0
2,0,2,5,0,0.0,0,0.0,2018.0,9,12,0.0,0.0,0,0,129.6,0.0
2,0,2,6,0,0.0,1,0.0,2018.0,5,1,0.0,0.0,0,0,132.6,0.0
1,2,0,1,0,0.0,1,238.0,2018.0,6,18,0.0,0.0,0,0,178.2,0.0
2,0,0,3,0,0.0,1,0.0,2018.0,8,23,1.0,0.0,0,0,121.8,0.0
2,1,2,1,0,0.0,0,0.0,2018.0,7,25,0.0,0.0,0,0,0.0,0.0
3,0,0,4,0,0.0,0,0.0,2018.0,8,11,0.0,0.0,0,0,86.36,0.0
2,1,1,2,0,0.0,0,0.0,2018.0,12,30,0.0,0.0,0,0,124.8,0.0
2,0,2,1,1,0.0,0,0.0,2018.0,8,28,0.0,0.0,0,0,75.0,0.0
2,0,0,3,1,0.0,0,0.0,2018.0,8,9,0.0,0.0,0,0,94.5,0.0
2,0,2,3,2,0.0,0,0.0,2018.0,10,16,1.0,0.0,0,0,100.75,0.0
2,0,1,1,0,0.0,0,0.0,2018.0,5,30,0.0,0.0,0,0,89.75,0.0
2,0,2,2,0,0.0,0,0.0,2018.0,4,22,0.0,0.0,0,0,99.3,0.0
2,0,0,2,2,0.0,0,0.0,2017.0,7,18,0.0,0.0,0,0,94.5,0.0
2,0,1,4,0,0.0,0,60.0,2018.0,9,12,0.0,0.0,0,0,75.0,0.0
2,1,0,1,0,0.0,0,0.0,2018.0,12,26,0.0,0.0,0,0,149.0,0.0
2,0,2,5,0,0.0,0,0.0,2017.0,8,13,1.0,0.0,0,0,76.5,0.0
2,1,0,1,0,0.0,0,0.0,2018.0,3,24,1.0,0.0,0,0,159.0,0.0
2,0,0,4,0,0.0,0,0.0,2017.0,11,1,0.0,0.0,0,0,88.8,0.0
2,0,1,1,0,0.0,0,0.0,2018.0,8,19,0.0,0.0,0,0,72.0,0.0
2,0,0,0,0,0.0,5,0.0,2018.0,5,21,0.0,0.0,0,0,0.0,0.0
1,0,0,1,0,0.0,0,0.0,2018.0,2,19,2.0,1.0,0,1,66.0,0.0
2,0,0,4,0,1.0,1,0.0,2018.0,4,26,0.0,0.0,0,0,94.78,0.0
2,0,2,3,1,0.0,0,0.0,2018.0,10,20,0.0,0.0,0,0,84.15,0.0
2,0,1,1,0,0.0,0,0.0,2018.0,8,8,1.0,0.0,0,0,114.3,0.0
2,0,2,2,0,0.0,1,0.0,2018.0,8,19,0.0,0.0,0,0,122.4,0.0
1,0,0,3,0,0.0,0,0.0,2018.0,9,6,0.0,0.0,0,0,112.0,0.0
2,0,0,1,1,0.0,0,0.0,2018.0,7,18,0.0,0.0,0,0,89.25,0.0
2,0,2,3,0,0.0,0,67.0,2017.0,4,1,0.0,0.0,0,0,80.0,0.0
2,0,1,2,0,0.0,0,0.0,2018.0,8,1,0.0,0.0,0,0,72.25,0.0
2,0,0,2,0,1.0,2,0.0,2017.0,12,16,1.0,0.0,0,0,91.5,0.0
2,0,0,2,1,0.0,0,0.0,2018.0,8,13,1.0,0.0,0,0,94.5,0.0
1,0,1,0,0,0.0,4,0.0,2018.0,5,16,0.0,0.0,0,0,197.0,0.0
2,0,0,1,0,0.0,2,0.0,2018.0,6,11,0.0,0.0,0,0,127.6,0.0
2,0,0,1,0,0.0,0,0.0,2017.0,10,9,0.0,0.0,0,0,0.0,0.0
2,0,2,1,1,0.0,0,0.0,2018.0,3,13,0.0,0.0,0,0,63.75,0.0
1,0,2,2,2,0.0,0,0.0,2017.0,9,18,0.0,0.0,0,0,83.0,0.0
2,0,2,3,1,0.0,0,0.0,2017.0,9,2,1.0,0.0,0,0,97.75,0.0
2,0,1,2,0,0.0,0,0.0,2018.0,12,30,0.0,0.0,0,0,0.0,0.0
1,0,0,2,0,0.0,0,0.0,2017.0,9,4,0.0,0.0,0,0,80.5,0.0
3,0,0,1,0,0.0,0,0.0,2018.0,5,7,0.0,0.0,0,0,159.3,0.0
2,1,2,3,0,0.0,1,66.0,2018.0,9,19,0.0,0.0,0,0,149.4,0.0
2,0,1,2,0,0.0,0,0.0,2018.0,11,4,0.0,0.0,0,0,89.0,0.0
2,0,2,3,0,0.0,0,0.0,2018.0,8,27,0.0,0.0,0,0,90.95,0.0
1,0,2,3,0,0.0,0,0.0,2018.0,6,5,0.0,0.0,0,0,110.0,0.0
2,0,0,2,2,0.0,0,105.0,2018.0,4,12,0.0,0.0,0,0,110.0,0.0
2,0,1,5,0,0.0,0,0.0,2018.0,7,15,0.0,0.0,0,0,76.5,0.0
2,0,1,1,0,0.0,5,0.0,2018.0,7,7,0.0,0.0,0,0,191.0,0.0
2,0,1,3,0,0.0,0,0.0,2018.0,9,29,0.0,0.0,0,0,95.0,0.0
2,0,2,2,0,0.0,0,0.0,2018.0,7,21,0.0,0.0,0,0,93.08,0.0
2,0,0,3,0,0.0,0,0.0,2018.0,4,23,0.0,0.0,0,0,106.2,0.0
2,0,0,5,0,0.0,1,0.0,2018.0,5,18,0.0,0.0,0,0,0.0,0.0
2,0,1,2,0,0.0,0,107.0,2018.0,4,11,1.0,0.0,0,0,102.3,0.0
2,0,2,6,2,0.0,0,0.0,2018.0,5,21,1.0,0.0,0,0,141.0,0.0
2,0,0,1,0,0.0,0,18.0,2018.0,9,23,0.0,0.0,0,0,65.0,0.0
1,0,1,1,0,0.0,0,0.0,2017.0,10,10,0.0,0.0,0,0,70.0,0.0
2,0,1,2,1,0.0,0,0.0,2018.0,7,18,0.0,0.0,0,0,88.5,0.0
2,2,1,0,0,0.0,5,0.0,2018.0,7,11,0.0,0.0,0,0,296.0,0.0
2,1,1,1,2,0.0,0,0.0,2018.0,8,17,0.0,0.0,0,0,164.25,0.0
2,0,1,0,0,0.0,0,0.0,2017.0,8,21,1.0,0.0,0,0,76.5,0.0
1,0,2,0,0,0.0,0,0.0,2018.0,2,28,0.0,0.0,0,0,61.0,0.0
2,0,0,3,0,0.0,0,0.0,2018.0,10,19,0.0,0.0,0,0,200.0,0.0
2,0,1,1,0,0.0,0,0.0,2018.0,1,25,2.0,0.0,0,0,0.0,0.0
2,0,1,2,0,0.0,0,0.0,2018.0,9,3,0.0,0.0,0,0,100.3,0.0
1,0,0,2,0,0.0,0,0.0,2017.0,10,14,0.0,0.0,0,0,90.0,0.0
2,0,1,2,0,0.0,1,0.0,2017.0,4,1,0.0,0.0,0,0,109.8,0.0
2,0,0,3,0,0.0,0,0.0,2018.0,1,14,0.0,0.0,0,0,52.0,0.0
2,0,0,4,0,0.0,1,0.0,2018.0,5,23,1.0,0.0,0,0,132.6,0.0
2,0,2,5,1,0.0,0,0.0,2018.0,11,20,1.0,0.0,0,0,79.2,0.0
2,0,0,3,0,0.0,0,0.0,2018.0,5,5,0.0,0.0,0,0,114.3,0.0
2,0,1,3,0,0.0,0,0.0,2017.0,9,23,0.0,0.0,0,0,224.67,0.0
2,0,1,3,0,0.0,0,49.0,2018.0,10,30,0.0,0.0,0,0,85.5,0.0
2,0,2,2,1,0.0,0,0.0,2018.0,9,8,0.0,0.0,0,0,113.4,0.0
1,0,1,1,1,0.0,0,0.0,2018.0,11,19,0.0,0.0,0,0,0.0,0.0
1,0,2,1,2,0.0,0,0.0,2017.0,8,1,0.0,0.0,0,0,72.5,0.0
2,2,0,2,0,0.0,3,0.0,2018.0,5,26,0.0,0.0,0,0,176.0,0.0
1,0,1,2,0,0.0,0,0.0,2018.0,11,1,0.0,0.0,0,0,110.0,0.0
2,0,0,2,0,0.0,0,0.0,2018.0,12,9,0.0,0.0,0,0,65.0,0.0
2,0,1,5,0,0.0,0,0.0,2017.0,8,5,0.0,0.0,0,0,76.5,0.0
1,0,0,1,0,0.0,0,0.0,2017.0,12,31,2.0,0.0,0,0,65.0,0.0
2,0,1,5,0,0.0,0,0.0,2018.0,10,5,1.0,0.0,0,0,90.0,0.0
2,0,0,4,0,0.0,0,0.0,2018.0,2,3,0.0,0.0,0,0,77.18,0.0
2,0,1,3,0,0.0,1,0.0,2017.0,12,1,0.0,0.0,0,0,86.7,0.0
2,0,2,3,0,0.0,0,0.0,2018.0,7,8,0.0,0.0,0,0,96.05,0.0
2,0,0,3,0,0.0,1,0.0,2017.0,12,8,0.0,0.0,0,0,83.61,0.0
2,0,0,2,0,0.0,0,0.0,2017.0,8,14,0.0,0.0,0,0,108.0,0.0
2,0,2,2,0,0.0,0,0.0,2018.0,10,27,0.0,0.0,0,0,108.9,0.0
2,0,0,1,0,0.0,0,0.0,2018.0,10,6,0.0,0.0,0,0,118.8,0.0
3,0,2,2,0,0.0,1,0.0,2018.0,12,20,0.0,0.0,0,0,140.0,0.0
2,0,0,1,0,0.0,0,0.0,2017.0,12,11,0.0,0.0,0,0,75.0,0.0
2,0,1,1,0,0.0,2,0.0,2018.0,7,27,0.0,0.0,0,0,0.0,0.0
2,1,2,2,0,0.0,0,0.0,2018.0,12,25,1.0,0.0,0,0,130.0,0.0
1,1,0,2,0,0.0,0,0.0,2018.0,7,1,0.0,0.0,0,0,112.5,0.0
2,1,0,1,0,0.0,0,0.0,2017.0,12,31,0.0,0.0,0,0,137.0,0.0
0,2,0,4,0,0.0,2,0.0,2018.0,3,9,0.0,0.0,0,0,9.0,0.0
2,1,1,3,1,0.0,0,32.0,2018.0,8,29,0.0,0.0,0,0,101.03,0.0
2,0,2,0,0,0.0,0,0.0,2018.0,10,16,0.0,0.0,0,0,110.0,0.0
1,0,0,5,0,0.0,1,0.0,2018.0,3,1,0.0,0.0,0,0,55.0,1.0
2,0,0,2,0,0.0,0,0.0,2017.0,11,18,0.0,0.0,0,0,75.0,0.0
2,0,0,2,0,0.0,0,0.0,2017.0,10,16,0.0,0.0,0,0,109.0,0.0
2,1,2,1,0,0.0,0,0.0,2018.0,7,14,0.0,0.0,0,0,112.5,0.0
2,0,2,1,2,0.0,0,0.0,2018.0,1,2,1.0,0.0,0,0,101.0,0.0
2,0,1,4,2,0.0,1,0.0,2018.0,11,21,0.0,0.0,0,0,115.6,0.0
2,0,1,2,0,0.0,0,0.0,2018.0,6,3,0.0,0.0,0,0,132.0,0.0
2,2,0,1,0,1.0,3,1.0,2018.0,12,1,0.0,0.0,0,0,142.0,0.0
1,0,0,4,0,0.0,1,0.0,2018.0,10,25,1.0,0.0,0,0,111.6,0.0
2,1,0,2,0,0.0,0,0.0,2018.0,3,18,0.0,0.0,0,0,143.1,0.0
2,0,2,2,0,0.0,0,0.0,2018.0,9,26,0.0,0.0,0,0,95.0,0.0
1,0,1,4,0,0.0,0,0.0,2018.0,6,26,1.0,0.0,0,0,80.75,0.0
2,0,0,3,0,0.0,0,0.0,2018.0,7,5,0.0,0.0,0,0,105.3,0.0
2,0,2,1,0,0.0,0,0.0,2017.0,12,18,0.0,0.0,0,0,75.0,0.0
2,0,1,3,0,0.0,2,0.0,2017.0,10,19,0.0,0.0,0,0,72.36,0.0
2,0,1,3,0,0.0,0,187.0,2018.0,9,22,0.0,0.0,0,0,119.85,0.0
2,2,0,1,0,0.0,3,0.0,2018.0,9,20,1.0,0.0,0,0,275.0,0.0
2,0,2,2,0,0.0,0,0.0,2018.0,10,15,0.0,0.0,0,0,100.75,0.0
2,0,1,1,0,0.0,0,0.0,2017.0,12,11,0.0,0.0,0,0,60.0,0.0
1,0,1,3,0,0.0,0,0.0,2018.0,10,28,0.0,0.0,0,0,90.95,0.0
2,0,0,3,0,0.0,0,0.0,2018.0,4,21,0.0,0.0,0,0,68.0,1.0
2,0,1,2,1,0.0,0,0.0,2018.0,11,14,0.0,0.0,0,0,79.2,0.0
2,0,0,3,0,0.0,0,32.0,2018.0,3,24,0.0,0.0,0,0,85.0,0.0
2,0,2,5,1,0.0,0,0.0,2018.0,8,13,0.0,0.0,0,0,89.25,0.0
2,0,0,1,0,0.0,1,0.0,2018.0,7,23,1.0,0.0,0,0,166.0,0.0
2,0,1,3,0,0.0,0,0.0,2018.0,6,20,0.0,0.0,0,0,80.75,0.0
3,0,2,1,0,0.0,1,0.0,2018.0,2,20,1.0,0.0,0,0,130.9,0.0
2,0,1,3,0,0.0,0,0.0,2018.0,8,8,0.0,0.0,0,0,109.8,0.0
1,0,0,3,2,0.0,0,0.0,2018.0,5,3,0.0,0.0,0,0,0.0,0.0
2,0,2,1,0,0.0,0,0.0,2018.0,9,11,0.0,0.0,0,0,95.0,0.0
2,0,1,1,0,0.0,0,0.0,2017.0,10,13,0.0,0.0,0,0,65.0,0.0
2,0,2,1,0,0.0,0,0.0,2017.0,12,4,0.0,0.0,0,0,65.0,0.0
1,0,1,2,2,0.0,0,0.0,2018.0,6,6,0.0,0.0,0,0,0.0,0.0
2,0,1,1,0,0.0,0,0.0,2018.0,7,18,0.0,0.0,0,0,85.5,0.0
1,0,3,7,1,0.0,0,0.0,2018.0,5,18,0.0,0.0,0,0,130.9,0.0
2,2,1,5,0,0.0,3,0.0,2018.0,9,21,1.0,0.0,0,0,0.0,0.0
1,0,1,3,2,0.0,0,0.0,2018.0,9,26,0.0,0.0,0,0,96.0,0.0
2,0,1,2,1,0.0,0,0.0,2018.0,7,25,0.0,0.0,0,0,85.5,0.0
2,0,0,1,0,0.0,0,0.0,2017.0,10,16,0.0,0.0,0,0,90.0,0.0
1,0,2,2,0,0.0,0,0.0,2017.0,10,4,0.0,0.0,0,0,73.0,0.0
1,0,1,4,2,0.0,0,0.0,2018.0,5,5,0.0,0.0,0,0,90.0,0.0
2,0,0,2,0,0.0,0,0.0,2017.0,9,18,0.0,0.0,0,0,108.0,0.0
3,0,0,5,0,0.0,0,0.0,2018.0,8,16,1.0,0.0,0,0,110.65,0.0
1,0,2,4,0,0.0,0,0.0,2018.0,6,9,0.0,0.0,0,0,120.0,0.0
2,0,2,1,0,0.0,0,0.0,2018.0,10,28,0.0,0.0,0,0,96.3,0.0
2,0,1,0,1,0.0,0,0.0,2018.0,10,18,0.0,0.0,0,0,108.0,0.0
1,0,2,1,0,0.0,0,100.0,2018.0,7,11,1.0,0.0,0,0,101.18,0.0
2,0,0,4,0,0.0,0,0.0,2018.0,6,30,0.0,0.0,0,0,90.95,0.0
2,0,0,3,0,0.0,0,0.0,2018.0,11,16,0.0,0.0,0,0,84.6,0.0
2,0,0,1,2,0.0,0,0.0,2017.0,9,8,0.0,0.0,0,0,108.0,0.0
2,0,2,5,0,0.0,0,0.0,2018.0,6,10,0.0,0.0,0,0,96.67,0.0
2,0,1,1,1,0.0,0,0.0,2018.0,10,4,1.0,0.0,0,0,0.0,0.0
1,0,0,3,0,0.0,1,0.0,2018.0,3,1,0.0,0.0,0,0,56.0,0.0
2,0,2,4,1,0.0,0,0.0,2018.0,5,21,0.0,0.0,0,0,89.25,0.0
1,0,0,2,0,0.0,0,0.0,2017.0,9,20,0.0,0.0,0,0,90.0,0.0
1,0,2,0,1,0.0,0,0.0,2018.0,12,4,0.0,0.0,0,0,88.0,0.0
3,0,1,1,0,0.0,1,138.0,2018.0,7,8,1.0,0.0,0,0,0.0,0.0
2,0,1,3,0,0.0,1,0.0,2018.0,5,3,1.0,0.0,0,0,132.6,0.0
2,0,0,3,2,0.0,0,0.0,2017.0,10,16,0.0,0.0,0,0,101.5,0.0
2,0,1,2,2,0.0,0,0.0,2018.0,9,30,0.0,0.0,0,0,140.0,0.0
3,0,2,1,0,0.0,1,0.0,2018.0,10,2,1.0,0.0,0,0,151.2,0.0
2,0,2,3,0,0.0,0,0.0,2018.0,10,4,0.0,0.0,0,0,91.0,0.0
2,0,2,0,2,0.0,0,0.0,2017.0,10,9,0.0,0.0,0,0,98.0,0.0
2,1,2,1,0,0.0,0,0.0,2018.0,7,29,1.0,0.0,0,0,112.5,0.0
2,0,0,3,2,0.0,0,74.0,2018.0,9,4,0.0,0.0,0,0,97.92,0.0
1,0,0,3,0,0.0,0,0.0,2017.0,8,12,0.0,0.0,0,0,75.0,0.0
2,0,1,2,2,0.0,0,0.0,2017.0,10,5,0.0,0.0,0,0,112.1,0.0
2,0,0,3,0,0.0,1,0.0,2018.0,9,10,0.0,0.0,0,0,140.4,0.0
3,0,0,2,2,0.0,5,0.0,2018.0,5,19,0.0,0.0,0,0,229.6,0.0
2,2,1,2,0,0.0,3,0.0,2018.0,8,11,1.0,0.0,0,0,240.0,0.0
2,0,2,2,0,0.0,0,0.0,2018.0,3,20,0.0,0.0,0,0,0.0,0.0
2,0,2,2,1,0.0,0,0.0,2018.0,11,12,0.0,0.0,0,0,78.1,0.0
2,0,1,3,2,0.0,0,0.0,2017.0,10,6,0.0,0.0,0,0,112.0,0.0
2,0,0,1,0,0.0,0,0.0,2018.0,8,7,0.0,0.0,0,0,114.3,0.0
2,0,0,3,0,0.0,0,0.0,2018.0,4,27,0.0,0.0,0,0,106.4,0.0
2,0,2,2,1,0.0,0,0.0,2018.0,10,29,0.0,0.0,0,0,80.1,0.0
2,0,1,2,0,0.0,0,0.0,2017.0,11,5,0.0,0.0,0,0,43.5,0.0
2,0,2,1,2,0.0,0,0.0,2018.0,4,18,0.0,0.0,0,0,140.6,0.0
1,0,0,1,0,1.0,0,0.0,2018.0,4,12,0.0,0.0,0,0,99.9,0.0
2,2,0,1,0,0.0,3,0.0,2018.0,8,18,0.0,0.0,0,0,207.9,0.0
2,0,0,2,0,0.0,0,0.0,2018.0,7,5,1.0,0.0,0,0,105.3,0.0
2,0,2,3,0,0.0,2,0.0,2018.0,9,8,0.0,0.0,0,0,100.3,0.0
2,0,2,2,0,0.0,1,0.0,2018.0,10,30,0.0,0.0,0,0,104.4,0.0
2,0,2,3,0,0.0,1,0.0,2017.0,8,13,0.0,0.0,0,0,0.0,0.0
1,0,0,1,0,0.0,0,0.0,2018.0,10,11,0.0,0.0,0,0,98.1,0.0
2,1,2,1,2,0.0,0,0.0,2018.0,12,10,0.0,0.0,0,0,146.1,0.0
1,0,0,1,0,0.0,0,0.0,2018.0,6,29,0.0,1.0,0,11,65.0,0.0
1,0,0,2,0,0.0,0,192.0,2018.0,6,13,0.0,0.0,0,0,95.0,0.0
2,0,2,2,0,0.0,1,0.0,2018.0,11,25,1.0,0.0,0,0,74.61,2.0
3,0,2,3,0,0.0,1,0.0,2018.0,9,25,0.0,0.0,0,0,162.4,0.0
2,0,0,3,0,0.0,0,0.0,2017.0,9,25,0.0,0.0,0,0,94.5,0.0
1,0,0,3,0,0.0,1,0.0,2018.0,3,17,0.0,0.0,0,0,75.0,0.0
2,0,2,2,0,0.0,0,0.0,2017.0,7,13,1.0,0.0,0,0,76.5,0.0
2,1,2,4,0,0.0,0,0.0,2018.0,11,11,0.0,0.0,0,0,124.67,0.0
2,0,0,2,0,0.0,1,0.0,2018.0,5,27,0.0,0.0,0,0,194.0,0.0
2,0,1,3,0,0.0,0,0.0,2017.0,10,24,0.0,0.0,0,0,80.75,0.0
1,0,1,3,0,0.0,0,0.0,2018.0,2,24,0.0,0.0,0,0,60.0,0.0
1,0,0,1,0,0.0,0,0.0,2018.0,11,16,1.0,0.0,0,0,0.0,0.0
2,0,1,3,0,0.0,0,0.0,2018.0,5,20,0.0,0.0,0,0,99.96,0.0
2,0,2,5,0,0.0,0,0.0,2017.0,7,5,0.0,0.0,0,0,0.0,0.0
1,0,0,2,0,0.0,0,0.0,2017.0,11,16,0.0,0.0,0,0,73.0,0.0
2,0,2,5,0,0.0,0,0.0,2018.0,11,4,1.0,0.0,0,0,90.1,0.0
1,0,1,2,0,0.0,0,0.0,2017.0,8,19,0.0,0.0,0,0,99.3,0.0
2,0,2,2,2,0.0,0,0.0,2018.0,9,26,1.0,0.0,0,0,0.0,0.0
2,0,2,1,0,0.0,0,0.0,2018.0,2,27,0.0,0.0,0,0,76.0,0.0
2,0,1,3,0,0.0,1,189.0,2018.0,8,12,1.0,0.0,0,0,99.45,0.0
2,0,2,1,0,0.0,0,0.0,2018.0,10,16,0.0,0.0,0,0,118.8,0.0
1,0,0,2,0,0.0,0,0.0,2018.0,7,7,2.0,0.0,0,0,79.0,0.0
2,1,0,2,0,0.0,0,0.0,2018.0,7,1,0.0,0.0,0,0,112.5,0.0
1,0,1,2,0,0.0,0,0.0,2018.0,9,19,0.0,0.0,0,0,100.0,0.0
2,1,0,1,0,0.0,3,0.0,2018.0,9,3,0.0,0.0,0,0,167.45,0.0
2,0,0,2,0,0.0,1,0.0,2018.0,10,14,0.0,0.0,0,0,104.4,1.0
2,0,1,1,0,0.0,0,0.0,2018.0,7,1,1.0,0.0,0,0,96.3,0.0
2,0,0,3,0,0.0,0,0.0,2018.0,11,1,0.0,0.0,0,0,75.0,0.0
2,0,1,1,0,0.0,0,0.0,2018.0,5,30,0.0,0.0,0,0,80.75,0.0
2,1,0,1,0,0.0,0,0.0,2018.0,7,28,0.0,0.0,0,0,169.0,0.0
3,0,2,2,0,0.0,1,0.0,2018.0,6,17,0.0,0.0,0,0,126.9,1.0
2,0,1,3,1,0.0,0,0.0,2018.0,10,27,1.0,0.0,0,0,80.75,0.0
3,0,1,1,0,0.0,1,0.0,2018.0,5,2,1.0,0.0,0,0,159.3,0.0
1,0,0,1,0,0.0,0,0.0,2018.0,3,2,4.0,1.0,0,3,55.0,0.0
2,0,2,3,0,0.0,0,0.0,2018.0,4,29,0.0,0.0,0,0,85.0,0.0
2,0,2,7,0,0.0,0,0.0,2017.0,7,13,0.0,0.0,0,0,114.3,0.0
1,0,0,1,0,0.0,0,0.0,2017.0,9,8,0.0,0.0,0,0,91.2,0.0
2,0,0,1,0,0.0,2,0.0,2018.0,1,8,0.0,0.0,0,0,0.0,0.0
1,0,1,3,0,0.0,0,0.0,2018.0,11,23,1.0,0.0,0,0,78.3,0.0
2,0,2,2,0,0.0,1,0.0,2018.0,4,16,1.0,0.0,0,0,0.0,0.0
3,0,2,3,0,0.0,1,0.0,2018.0,9,2,0.0,0.0,0,0,142.88,0.0
2,0,2,3,0,0.0,0,0.0,2017.0,8,13,0.0,0.0,0,0,76.5,0.0
1,0,1,4,0,0.0,0,0.0,2018.0,6,29,0.0,0.0,0,0,0.0,0.0
2,0,2,1,0,0.0,0,0.0,2018.0,5,29,0.0,0.0,0,0,99.3,0.0
3,0,2,1,0,0.0,1,0.0,2018.0,5,13,1.0,0.0,0,0,197.0,0.0
2,0,2,1,1,0.0,0,0.0,2018.0,4,13,0.0,0.0,0,0,68.5,0.0
2,0,1,2,0,0.0,0,0.0,2018.0,10,9,0.0,0.0,0,0,75.0,0.0
2,0,1,2,0,0.0,0,0.0,2018.0,8,5,0.0,0.0,0,0,85.0,0.0
3,0,1,2,0,0.0,1,0.0,2018.0,8,22,0.0,0.0,0,0,137.7,0.0
2,1,1,1,0,0.0,0,0.0,2017.0,4,19,1.0,0.0,0,0,105.3,0.0
2,0,2,4,0,0.0,0,0.0,2018.0,7,13,0.0,0.0,0,0,90.95,0.0
3,0,0,1,0,0.0,1,0.0,2018.0,8,23,1.0,0.0,0,0,142.2,0.0
1,0,0,2,2,0.0,0,0.0,2017.0,10,4,0.0,0.0,0,0,80.0,0.0
2,0,0,2,0,0.0,0,0.0,2018.0,9,22,0.0,0.0,0,0,101.52,0.0
3,0,1,2,0,0.0,1,0.0,2018.0,11,12,0.0,0.0,0,0,124.67,0.0
1,1,1,0,1,0.0,0,0.0,2017.0,9,7,0.0,0.0,0,0,48.0,0.0
2,0,0,2,2,0.0,0,0.0,2017.0,9,6,0.0,0.0,0,0,104.0,0.0
2,0,0,3,0,0.0,0,0.0,2018.0,10,4,0.0,0.0,0,0,90.9,0.0
2,0,2,3,0,0.0,1,0.0,2018.0,9,25,0.0,0.0,0,0,107.0,0.0
3,0,0,3,0,0.0,1,0.0,2018.0,12,27,0.0,0.0,0,0,131.13,0.0
2,0,0,1,0,1.0,1,0.0,2018.0,7,25,0.0,0.0,0,0,206.0,0.0
2,0,1,2,0,0.0,0,0.0,2018.0,8,12,1.0,0.0,0,0,130.5,0.0
2,0,0,2,0,0.0,0,0.0,2017.0,9,9,0.0,0.0,0,0,90.0,0.0
2,0,1,1,0,0.0,0,0.0,2018.0,9,8,0.0,0.0,0,0,126.9,0.0
2,0,3,7,0,0.0,0,0.0,2018.0,5,25,1.0,0.0,0,0,90.1,0.0
2,1,0,3,1,0.0,0,0.0,2018.0,10,13,1.0,0.0,0,0,109.65,0.0
2,0,2,4,0,0.0,0,0.0,2017.0,7,22,0.0,0.0,0,0,76.5,0.0
2,0,2,8,0,0.0,0,0.0,2018.0,3,1,0.0,0.0,0,0,63.75,0.0
2,0,2,0,1,0.0,0,0.0,2018.0,8,28,0.0,0.0,0,0,85.5,0.0
1,0,0,2,0,0.0,0,0.0,2018.0,6,24,0.0,0.0,0,0,75.0,0.0
2,0,1,3,0,0.0,1,0.0,2018.0,9,11,0.0,0.0,0,0,149.4,0.0
2,1,0,1,0,0.0,0,0.0,2018.0,12,16,0.0,0.0,0,0,168.5,0.0
1,0,4,5,0,0.0,0,0.0,2017.0,11,27,1.0,0.0,0,0,76.12,0.0
2,0,1,2,1,0.0,0,0.0,2018.0,8,15,0.0,0.0,0,0,94.5,0.0
2,0,1,2,0,0.0,0,0.0,2018.0,10,9,0.0,0.0,0,0,90.0,0.0
2,0,0,4,0,0.0,1,0.0,2018.0,4,26,0.0,0.0,0,0,0.0,0.0
1,0,0,2,0,0.0,0,0.0,2017.0,9,4,0.0,1.0,1,0,0.0,0.0
3,0,2,4,0,0.0,0,0.0,2018.0,7,21,0.0,0.0,0,0,100.84,0.0
3,0,0,3,0,0.0,0,0.0,2018.0,12,22,0.0,0.0,0,0,105.4,0.0
1,0,0,2,0,0.0,0,0.0,2017.0,9,18,0.0,0.0,0,0,0.0,0.0
1,0,1,0,0,0.0,0,0.0,2018.0,10,10,2.0,1.0,3,36,65.0,0.0
1,0,0,1,0,0.0,0,0.0,2018.0,10,25,0.0,1.0,0,4,89.0,0.0
2,0,0,2,0,0.0,1,0.0,2017.0,10,29,0.0,0.0,0,0,60.0,0.0
1,0,1,2,0,0.0,0,133.0,2018.0,11,11,1.0,0.0,0,0,212.06,0.0
2,0,2,2,0,0.0,1,0.0,2018.0,10,21,1.0,0.0,0,0,109.8,0.0
3,0,1,1,0,0.0,1,0.0,2018.0,4,30,1.0,0.0,0,0,157.5,0.0
3,0,1,3,0,0.0,1,0.0,2018.0,4,25,1.0,0.0,0,0,130.48,0.0
2,0,2,0,2,0.0,0,0.0,2017.0,10,16,0.0,0.0,0,0,108.0,0.0
2,2,0,1,0,0.0,3,0.0,2018.0,8,11,0.0,0.0,0,0,231.0,0.0
2,1,2,3,0,0.0,1,0.0,2018.0,12,24,0.0,0.0,0,0,129.2,0.0
2,0,0,2,0,0.0,0,0.0,2018.0,11,25,0.0,0.0,0,0,75.0,0.0
2,0,0,1,0,0.0,0,0.0,2017.0,10,15,0.0,0.0,0,0,85.0,0.0
2,0,1,1,0,0.0,1,0.0,2018.0,6,2,1.0,0.0,0,0,95.4,0.0
2,1,2,4,0,0.0,0,0.0,2018.0,8,10,1.0,0.0,0,0,121.5,0.0
2,0,2,2,0,0.0,0,0.0,2018.0,10,21,0.0,0.0,0,0,101.33,0.0
2,0,0,4,2,0.0,1,12.0,2018.0,3,14,0.0,0.0,0,0,0.0,0.0
1,0,0,2,0,0.0,0,0.0,2017.0,11,1,0.0,0.0,0,0,73.0,0.0
3,0,1,3,0,0.0,1,0.0,2018.0,8,1,0.0,0.0,0,0,130.05,1.0
2,0,2,3,0,0.0,0,0.0,2018.0,8,13,1.0,0.0,0,0,90.95,0.0
2,0,2,4,0,0.0,0,0.0,2017.0,9,23,1.0,0.0,0,0,187.43,2.0
2,0,2,3,0,0.0,0,0.0,2017.0,10,20,0.0,0.0,0,0,65.0,0.0
3,0,2,3,0,0.0,1,0.0,2018.0,9,23,1.0,0.0,0,0,137.7,0.0
2,0,0,1,0,0.0,0,0.0,2018.0,5,13,0.0,0.0,0,0,126.9,0.0
2,0,2,0,2,0.0,0,0.0,2018.0,1,17,0.0,0.0,0,0,101.0,0.0
2,0,0,3,0,0.0,0,163.0,2018.0,9,1,0.0,0.0,0,0,126.9,0.0
2,0,0,3,0,1.0,1,0.0,2018.0,8,16,0.0,0.0,0,0,118.8,0.0
1,0,2,5,0,0.0,0,0.0,2017.0,12,19,0.0,0.0,0,0,58.0,0.0
2,0,1,2,0,0.0,0,0.0,2018.0,10,10,0.0,0.0,0,0,118.8,0.0
1,0,2,2,0,0.0,0,0.0,2018.0,4,22,1.0,0.0,0,0,81.9,0.0
2,0,1,2,2,0.0,0,0.0,2018.0,3,11,1.0,0.0,0,0,129.0,0.0
2,0,1,2,0,0.0,0,0.0,2018.0,2,28,0.0,0.0,0,0,87.0,0.0
2,0,1,3,0,0.0,0,0.0,2018.0,6,2,0.0,0.0,0,0,119.85,0.0
3,0,1,1,0,0.0,1,0.0,2018.0,4,7,0.0,0.0,0,0,141.3,0.0
1,0,0,2,0,0.0,0,0.0,2017.0,10,12,0.0,0.0,0,0,70.0,0.0
2,0,0,1,0,0.0,1,0.0,2018.0,9,23,1.0,0.0,0,0,151.2,0.0
3,0,0,2,0,0.0,1,0.0,2018.0,10,28,1.0,0.0,0,0,128.7,0.0
2,0,1,3,0,0.0,0,0.0,2018.0,6,20,1.0,0.0,0,0,120.0,0.0
1,0,0,1,0,0.0,0,0.0,2017.0,10,5,0.0,0.0,0,0,100.0,0.0
1,0,0,1,0,0.0,0,0.0,2017.0,5,12,0.0,0.0,0,0,99.9,0.0
2,0,0,3,0,0.0,0,0.0,2018.0,5,18,0.0,0.0,0,0,112.0,0.0
2,0,0,4,0,0.0,0,0.0,2018.0,6,26,0.0,0.0,0,0,72.25,0.0
2,0,1,2,0,0.0,0,0.0,2018.0,8,21,0.0,0.0,0,0,72.25,0.0
2,0,2,3,0,0.0,0,0.0,2018.0,8,2,0.0,0.0,0,0,99.45,0.0
2,0,1,0,0,0.0,1,0.0,2018.0,5,1,1.0,0.0,0,0,0.0,0.0
2,0,0,2,0,0.0,0,0.0,2018.0,3,25,0.0,0.0,0,0,75.0,0.0
2,0,0,1,2,0.0,0,0.0,2018.0,8,15,0.0,0.0,0,0,115.0,0.0
2,0,1,2,1,0.0,0,0.0,2018.0,9,12,0.0,0.0,0,0,89.73,0.0
2,0,0,5,0,0.0,0,0.0,2018.0,8,9,1.0,0.0,0,0,99.45,0.0
2,0,0,4,0,0.0,0,0.0,2018.0,8,17,1.0,0.0,0,0,88.83,0.0
1,0,1,2,0,0.0,0,0.0,2017.0,9,14,0.0,0.0,0,0,76.67,0.0
2,0,0,2,0,0.0,0,0.0,2018.0,8,12,0.0,0.0,0,0,90.95,0.0
1,0,0,3,0,0.0,1,0.0,2018.0,3,8,0.0,0.0,0,0,76.0,0.0
2,0,0,4,0,0.0,1,0.0,2017.0,11,2,0.0,0.0,0,0,60.0,0.0
2,0,1,1,1,0.0,0,0.0,2018.0,7,11,0.0,0.0,0,0,99.0,0.0
2,0,1,3,1,0.0,0,0.0,2017.0,6,29,1.0,0.0,0,0,105.74,0.0
2,0,1,2,0,0.0,0,0.0,2018.0,10,9,0.0,0.0,0,0,120.0,0.0
1,0,0,1,0,0.0,0,0.0,2017.0,9,14,0.0,1.0,0,2,65.0,0.0
1,0,1,1,0,0.0,0,0.0,2018.0,5,13,2.0,1.0,0,2,95.0,0.0
2,0,1,4,0,1.0,0,0.0,2018.0,8,8,1.0,0.0,0,0,114.3,0.0
2,0,0,1,1,0.0,0,0.0,2018.0,11,17,1.0,0.0,0,0,79.2,0.0
1,0,1,2,2,0.0,0,0.0,2018.0,9,26,0.0,0.0,0,0,0.0,0.0
2,0,1,1,2,0.0,0,0.0,2018.0,6,15,0.0,0.0,0,0,0.0,0.0
1,0,0,2,0,0.0,0,2.0,2017.0,11,18,2.0,0.0,0,0,65.0,0.0
2,0,0,2,2,0.0,0,0.0,2018.0,8,17,0.0,0.0,0,0,140.0,0.0
2,0,1,3,0,0.0,0,0.0,2018.0,3,10,0.0,0.0,0,0,0.0,0.0
2,0,1,3,0,0.0,0,0.0,2018.0,10,7,0.0,0.0,0,0,85.0,0.0
2,0,1,2,0,0.0,0,0.0,2018.0,10,19,0.0,0.0,0,0,80.75,0.0
2,0,0,4,0,0.0,0,0.0,2018.0,5,4,0.0,0.0,0,0,99.45,0.0
2,0,1,2,0,0.0,0,0.0,2018.0,4,18,0.0,0.0,0,0,85.0,0.0
2,0,2,3,0,0.0,0,0.0,2018.0,7,15,0.0,0.0,0,0,0.0,0.0
2,0,2,0,0,0.0,2,0.0,2017.0,12,5,0.0,0.0,0,0,104.25,0.0
2,0,0,2,2,0.0,0,0.0,2018.0,10,14,0.0,0.0,0,0,112.0,0.0
2,1,0,3,0,0.0,0,0.0,2018.0,6,29,0.0,0.0,0,0,109.8,1.0
2,0,2,5,0,0.0,0,0.0,2018.0,8,21,0.0,0.0,0,0,0.0,0.0
2,0,0,3,2,0.0,0,0.0,2018.0,10,6,0.0,0.0,0,0,148.5,0.0
3,0,0,2,0,0.0,0,0.0,2018.0,11,25,0.0,0.0,0,0,0.0,0.0
2,0,1,3,0,0.0,0,0.0,2018.0,10,3,0.0,0.0,0,0,80.75,0.0
2,2,2,2,0,0.0,3,0.0,2018.0,2,6,0.0,0.0,0,0,0.0,0.0
2,0,2,1,2,0.0,0,0.0,2017.0,7,19,0.0,0.0,0,0,94.5,0.0
2,1,2,5,0,0.0,1,0.0,2018.0,7,31,0.0,0.0,0,0,121.37,0.0
3,0,0,3,0,0.0,1,0.0,2018.0,12,29,1.0,0.0,0,0,125.8,0.0
3,0,0,2,0,0.0,1,0.0,2017.0,8,22,0.0,0.0,0,0,150.3,0.0
2,0,0,2,0,0.0,0,0.0,2018.0,10,20,0.0,0.0,0,0,140.0,0.0
2,0,2,3,0,0.0,0,0.0,2017.0,12,24,0.0,0.0,0,0,66.24,0.0
2,0,0,3,0,0.0,0,0.0,2018.0,12,8,0.0,0.0,0,0,80.75,0.0
2,1,0,1,0,0.0,0,0.0,2018.0,4,18,0.0,0.0,0,0,115.03,0.0
2,0,0,3,0,0.0,1,0.0,2017.0,8,13,0.0,0.0,0,0,136.0,0.0
1,0,1,2,0,0.0,0,0.0,2018.0,10,10,1.0,0.0,0,0,120.0,0.0
2,0,2,2,0,0.0,0,209.0,2018.0,8,16,0.0,0.0,0,0,90.95,0.0
2,0,2,4,0,0.0,3,0.0,2018.0,5,21,0.0,0.0,0,0,136.72,0.0
2,0,1,2,0,0.0,1,0.0,2017.0,11,12,0.0,0.0,0,0,60.0,0.0
2,0,0,3,0,0.0,1,0.0,2018.0,8,20,0.0,0.0,0,0,167.0,0.0
2,0,2,2,0,0.0,0,294.0,2018.0,12,29,0.0,0.0,0,0,82.11,0.0
1,0,0,3,0,0.0,0,20.0,2018.0,11,16,0.0,1.0,0,1,104.0,0.0
1,0,2,4,0,0.0,0,0.0,2018.0,2,28,0.0,0.0,0,0,61.0,0.0
2,1,0,2,0,0.0,1,0.0,2018.0,10,7,1.0,0.0,0,0,155.0,0.0
1,0,0,1,0,0.0,0,0.0,2018.0,10,11,0.0,0.0,0,0,0.0,0.0
2,1,2,5,0,0.0,0,0.0,2018.0,8,21,0.0,0.0,0,0,112.0,0.0
3,0,2,2,0,0.0,0,0.0,2018.0,7,13,0.0,0.0,0,0,0.0,0.0
2,0,0,1,0,0.0,1,0.0,2017.0,9,11,0.0,0.0,0,0,0.0,0.0
2,0,1,1,0,0.0,0,247.0,2018.0,6,6,0.0,0.0,0,0,115.0,0.0
2,0,2,2,0,0.0,1,0.0,2017.0,10,28,1.0,0.0,0,0,96.3,0.0
2,1,0,1,0,0.0,0,0.0,2018.0,10,11,0.0,0.0,0,0,106.92,0.0
2,0,1,2,0,0.0,0,0.0,2017.0,7,4,0.0,0.0,0,0,76.5,0.0
1,0,0,2,0,0.0,0,0.0,2017.0,10,9,2.0,0.0,0,0,90.0,0.0
3,0,0,1,0,0.0,0,0.0,2018.0,12,8,0.0,0.0,0,0,92.65,0.0
2,0,0,3,0,0.0,0,0.0,2018.0,4,28,1.0,0.0,0,0,102.3,0.0
2,1,0,3,0,0.0,1,0.0,2018.0,9,15,0.0,0.0,0,0,0.0,0.0
2,0,1,5,0,0.0,1,0.0,2018.0,9,20,0.0,0.0,0,0,143.1,0.0
2,0,2,1,2,0.0,0,0.0,2018.0,8,12,0.0,0.0,0,0,129.0,0.0
1,0,0,1,0,0.0,0,0.0,2018.0,3,11,0.0,0.0,0,0,80.0,0.0
2,1,1,0,0,0.0,0,0.0,2018.0,2,8,0.0,0.0,0,0,109.0,0.0
2,0,0,2,1,0.0,0,0.0,2018.0,3,25,0.0,0.0,0,0,53.38,1.0
2,2,1,3,0,0.0,3,0.0,2018.0,10,18,1.0,0.0,0,0,190.8,0.0
2,0,1,2,0,0.0,1,0.0,2018.0,5,13,0.0,0.0,0,0,90.95,0.0
2,0,0,3,0,0.0,0,0.0,2018.0,6,2,0.0,0.0,0,0,100.0,0.0
2,0,0,2,0,0.0,1,0.0,2017.0,4,1,0.0,0.0,0,0,106.2,0.0
2,0,0,0,2,0.0,0,0.0,2018.0,10,9,0.0,0.0,0,0,115.0,0.0
2,0,0,1,0,0.0,0,0.0,2018.0,7,25,1.0,0.0,0,0,117.9,0.0
2,1,1,3,0,0.0,0,0.0,2018.0,7,24,0.0,0.0,0,0,158.86,0.0
1,0,0,3,0,0.0,0,0.0,2018.0,2,3,0.0,0.0,0,0,85.33,0.0
2,1,2,2,0,0.0,0,0.0,2018.0,8,14,1.0,0.0,0,0,152.1,0.0
2,0,2,1,0,0.0,1,0.0,2018.0,9,18,0.0,0.0,0,0,179.0,0.0
2,0,0,2,2,0.0,0,0.0,2018.0,9,20,0.0,0.0,0,0,143.1,0.0
2,1,0,2,0,0.0,1,0.0,2018.0,2,5,1.0,0.0,0,0,106.0,0.0
1,0,0,2,0,0.0,0,0.0,2017.0,11,26,0.0,0.0,0,0,73.0,0.0
2,0,1,2,0,0.0,1,0.0,2018.0,7,24,0.0,0.0,0,0,113.41,0.0
2,0,1,4,0,0.0,0,0.0,2018.0,6,2,0.0,0.0,0,0,119.85,0.0
2,0,0,4,0,0.0,1,81.0,2018.0,5,19,1.0,0.0,0,0,132.6,0.0
2,0,1,4,0,0.0,0,0.0,2018.0,10,2,0.0,0.0,0,0,0.0,0.0
1,0,0,2,0,0.0,0,0.0,2018.0,6,3,0.0,0.0,0,0,0.0,0.0
1,0,1,1,0,0.0,0,183.0,2018.0,10,11,0.0,0.0,0,0,98.1,0.0
1,0,2,3,0,0.0,4,0.0,2018.0,6,20,0.0,0.0,0,0,144.0,0.0
2,0,1,3,0,0.0,0,0.0,2018.0,4,28,1.0,0.0,0,0,121.8,1.0
2,1,1,2,0,0.0,0,0.0,2018.0,3,28,0.0,0.0,0,0,86.8,0.0
2,0,2,1,1,0.0,0,47.0,2018.0,1,23,0.0,0.0,0,0,60.0,0.0
2,0,0,3,0,0.0,1,0.0,2017.0,10,6,0.0,0.0,0,0,75.0,0.0
1,0,1,2,0,0.0,0,280.0,2018.0,9,19,1.0,0.0,0,0,110.0,0.0
2,0,0,3,0,0.0,1,0.0,2018.0,5,22,0.0,0.0,0,0,140.4,0.0
2,0,2,5,0,0.0,0,0.0,2018.0,8,16,0.0,0.0,0,0,83.12,0.0
1,0,1,0,0,0.0,0,0.0,2018.0,11,6,1.0,0.0,0,0,0.0,0.0
2,0,0,2,0,0.0,0,0.0,2018.0,7,23,0.0,0.0,0,0,105.3,0.0
2,0,2,1,0,0.0,0,19.0,2017.0,12,27,0.0,0.0,0,0,58.0,0.0
1,0,1,0,1,0.0,0,0.0,2018.0,9,21,1.0,1.0,0,1,149.0,0.0
2,0,0,2,1,0.0,0,93.0,2018.0,3,9,0.0,0.0,0,0,69.5,0.0
1,0,1,2,0,0.0,0,0.0,2018.0,6,21,0.0,0.0,0,0,120.0,0.0
2,0,0,1,0,0.0,0,0.0,2018.0,7,23,0.0,0.0,0,0,105.3,0.0
2,0,1,3,0,0.0,0,0.0,2017.0,10,15,0.0,0.0,0,0,85.0,0.0
2,0,1,4,0,0.0,0,0.0,2018.0,8,19,0.0,0.0,0,0,99.45,0.0
3,0,0,4,0,0.0,3,0.0,2018.0,10,16,1.0,0.0,0,0,153.05,0.0
2,0,1,2,0,0.0,0,0.0,2018.0,4,25,0.0,0.0,0,0,90.95,1.0
2,0,2,3,0,0.0,1,0.0,2017.0,9,19,0.0,0.0,0,0,78.54,0.0
2,0,0,2,0,0.0,0,0.0,2017.0,8,21,1.0,0.0,0,0,76.5,0.0
2,0,1,2,0,0.0,0,0.0,2018.0,10,28,0.0,0.0,0,0,96.3,0.0
2,0,2,3,0,0.0,0,0.0,2017.0,10,12,0.0,0.0,0,0,65.0,0.0
1,0,0,1,0,0.0,0,0.0,2018.0,10,11,0.0,0.0,0,0,120.0,0.0
1,0,0,1,0,0.0,0,0.0,2018.0,10,3,0.0,1.0,0,1,75.0,0.0
1,0,2,0,0,0.0,1,0.0,2018.0,10,29,0.0,0.0,0,0,0.0,0.0
2,0,0,2,0,0.0,0,0.0,2018.0,5,4,0.0,0.0,0,0,90.0,0.0
1,0,0,2,0,0.0,0,0.0,2018.0,11,13,2.0,1.0,0,1,40.0,0.0
2,0,0,3,0,0.0,0,0.0,2018.0,8,19,0.0,0.0,0,0,78.0,0.0
2,0,0,2,0,0.0,0,0.0,2018.0,6,24,0.0,0.0,0,0,90.0,0.0
2,0,1,2,0,0.0,1,0.0,2018.0,8,22,1.0,0.0,0,0,118.8,0.0
2,0,1,1,0,0.0,0,0.0,2018.0,1,8,0.0,0.0,0,0,60.0,0.0
1,0,1,1,0,0.0,1,60.0,2018.0,6,11,0.0,0.0,0,0,140.4,0.0
2,0,1,1,0,0.0,0,0.0,2018.0,10,15,0.0,0.0,0,0,115.0,0.0
2,0,0,3,0,0.0,0,0.0,2018.0,10,18,0.0,0.0,0,0,112.0,0.0
3,0,1,4,0,0.0,1,0.0,2018.0,7,13,1.0,0.0,0,0,130.05,0.0
2,0,0,2,0,0.0,3,0.0,2018.0,10,27,0.0,0.0,0,0,196.35,0.0
2,0,1,1,1,0.0,0,0.0,2018.0,8,12,0.0,0.0,0,0,107.1,0.0
2,2,0,1,0,0.0,3,0.0,2018.0,11,9,1.0,0.0,0,0,246.25,0.0
2,0,2,5,0,0.0,0,0.0,2018.0,7,11,1.0,0.0,0,0,78.45,0.0
2,0,1,5,0,0.0,0,0.0,2018.0,8,27,1.0,0.0,0,0,0.0,0.0
2,0,0,4,0,0.0,2,0.0,2018.0,7,17,0.0,0.0,0,0,81.82,0.0
2,0,2,3,0,0.0,0,0.0,2018.0,5,13,0.0,0.0,0,0,61.0,0.0
2,0,0,2,0,0.0,0,0.0,2018.0,10,12,1.0,0.0,0,0,113.4,0.0
1,0,3,10,0,0.0,0,0.0,2017.0,11,27,0.0,1.0,0,1,65.0,0.0
2,0,2,2,0,0.0,2,0.0,2018.0,2,13,0.0,0.0,0,0,71.55,0.0
3,0,2,2,0,0.0,1,0.0,2018.0,12,15,0.0,0.0,0,0,119.0,0.0
2,0,1,2,0,0.0,0,0.0,2018.0,12,11,0.0,0.0,0,0,114.25,0.0
2,0,2,4,0,0.0,0,80.0,2018.0,3,20,0.0,0.0,0,0,65.42,1.0
2,1,1,3,0,0.0,0,0.0,2018.0,3,21,0.0,0.0,0,0,129.0,0.0
2,0,1,5,0,0.0,0,0.0,2018.0,3,17,0.0,0.0,0,0,70.0,0.0
1,0,0,2,0,0.0,0,0.0,2018.0,6,14,0.0,0.0,0,0,100.0,0.0
2,0,0,3,1,0.0,0,0.0,2018.0,8,11,1.0,0.0,0,0,103.5,0.0
2,0,1,3,0,0.0,1,0.0,2017.0,9,14,0.0,0.0,0,0,75.0,0.0
2,0,3,5,0,0.0,0,0.0,2018.0,7,25,0.0,0.0,0,0,72.25,0.0
0,2,2,0,1,0.0,2,0.0,2018.0,2,21,1.0,0.0,0,0,0.0,0.0
2,0,0,2,2,0.0,0,0.0,2017.0,10,15,0.0,0.0,0,0,0.0,0.0
1,0,0,3,2,0.0,0,0.0,2018.0,2,19,0.0,0.0,0,0,86.0,0.0
2,0,2,1,0,0.0,0,0.0,2018.0,5,22,0.0,0.0,0,0,80.75,0.0
2,1,0,2,0,0.0,0,0.0,2018.0,7,15,1.0,0.0,0,0,121.5,0.0
2,2,0,1,0,0.0,3,0.0,2017.0,7,23,1.0,0.0,0,0,181.0,0.0
2,0,0,1,0,0.0,0,0.0,2018.0,10,13,0.0,1.0,0,1,0.0,0.0
2,0,2,1,2,0.0,0,0.0,2018.0,8,29,0.0,0.0,0,0,94.5,0.0
2,0,0,2,0,0.0,0,122.0,2018.0,4,16,0.0,0.0,0,0,85.0,0.0
2,0,2,1,2,0.0,0,0.0,2017.0,7,27,0.0,0.0,0,0,94.5,0.0
3,0,1,5,0,0.0,1,0.0,2018.0,9,5,1.0,0.0,0,0,150.45,0.0
1,0,2,1,0,0.0,0,0.0,2018.0,2,17,0.0,0.0,0,0,60.0,0.0
2,0,1,1,0,0.0,0,0.0,2018.0,5,2,0.0,0.0,0,0,80.75,0.0
2,0,0,2,0,0.0,0,0.0,2018.0,9,15,0.0,0.0,0,0,105.0,0.0
2,0,1,3,0,0.0,0,0.0,2018.0,8,25,0.0,0.0,0,0,72.25,0.0
1,0,2,3,0,0.0,1,0.0,2017.0,9,15,1.0,0.0,0,0,0.0,0.0
2,0,0,1,2,0.0,0,0.0,2018.0,1,2,0.0,0.0,0,0,109.0,0.0
1,0,1,2,0,0.0,0,0.0,2017.0,10,3,0.0,0.0,0,0,85.0,0.0
2,0,1,1,0,0.0,1,0.0,2018.0,10,12,1.0,0.0,0,0,158.4,0.0
1,0,2,2,0,0.0,0,0.0,2018.0,3,12,0.0,0.0,0,0,71.1,0.0
2,0,0,2,2,0.0,0,0.0,2017.0,8,20,0.0,0.0,0,0,101.5,0.0
2,0,2,5,0,0.0,0,0.0,2018.0,7,9,1.0,0.0,0,0,99.45,0.0
1,0,1,2,0,0.0,0,0.0,2018.0,8,19,1.0,0.0,0,0,112.5,0.0
2,1,2,2,0,1.0,0,0.0,2018.0,8,7,1.0,0.0,0,0,114.75,0.0
2,0,0,1,0,0.0,1,0.0,2018.0,9,13,1.0,0.0,0,0,184.0,0.0
2,0,3,6,0,0.0,0,0.0,2018.0,12,26,1.0,0.0,0,0,68.66,0.0
1,0,1,0,0,0.0,0,0.0,2018.0,9,26,0.0,0.0,0,0,85.5,0.0
2,0,2,4,0,0.0,1,0.0,2018.0,9,16,0.0,0.0,0,0,149.4,0.0
3,0,0,2,0,0.0,1,0.0,2018.0,11,25,0.0,0.0,0,0,154.0,0.0
2,0,0,1,0,0.0,0,0.0,2018.0,9,5,1.0,0.0,0,0,190.0,0.0
3,0,1,3,0,0.0,1,0.0,2018.0,5,7,0.0,0.0,0,0,159.3,0.0
2,0,1,2,0,0.0,0,0.0,2018.0,12,16,1.0,0.0,0,0,103.5,0.0
2,0,1,3,0,0.0,0,0.0,2018.0,8,25,0.0,0.0,0,0,90.95,0.0
2,0,2,2,0,0.0,0,0.0,2018.0,12,23,0.0,0.0,0,0,88.4,0.0
2,2,2,1,0,0.0,3,0.0,2018.0,2,6,0.0,0.0,0,0,171.26,0.0
2,1,3,4,0,0.0,0,0.0,2018.0,4,25,0.0,0.0,0,0,106.54,0.0
2,0,0,2,2,0.0,0,0.0,2017.0,10,16,0.0,0.0,0,0,109.0,0.0
2,1,0,2,0,0.0,0,0.0,2018.0,11,16,0.0,0.0,0,0,0.0,0.0
2,0,1,2,0,0.0,0,0.0,2017.0,7,1,0.0,0.0,0,0,75.0,0.0
1,0,1,2,0,0.0,0,4.0,2018.0,5,16,0.0,0.0,0,0,0.0,0.0
2,0,0,1,1,0.0,0,0.0,2018.0,10,1,1.0,0.0,0,0,95.4,0.0
2,0,2,0,1,0.0,0,0.0,2018.0,5,21,1.0,0.0,0,0,94.5,0.0
1,0,0,3,0,0.0,1,0.0,2018.0,10,7,1.0,0.0,0,0,170.0,0.0
2,0,2,2,0,0.0,0,189.0,2018.0,8,8,0.0,0.0,0,0,72.25,0.0
2,0,2,2,0,0.0,0,0.0,2018.0,12,30,1.0,0.0,0,0,88.4,0.0
1,0,0,1,0,0.0,0,0.0,2018.0,3,8,0.0,1.0,2,4,80.0,0.0
2,0,0,4,0,0.0,1,0.0,2018.0,11,30,0.0,0.0,0,0,78.2,0.0
2,0,1,2,0,0.0,0,0.0,2018.0,10,16,0.0,0.0,0,0,100.0,0.0
2,0,0,3,1,0.0,0,0.0,2018.0,6,2,1.0,0.0,0,0,116.1,0.0
2,0,0,4,0,0.0,1,149.0,2018.0,8,3,0.0,0.0,0,0,124.2,0.0
2,0,0,2,2,0.0,0,0.0,2017.0,8,15,0.0,0.0,0,0,101.5,0.0
2,0,2,1,0,0.0,0,0.0,2018.0,8,21,1.0,0.0,0,0,76.5,0.0
2,0,0,1,0,0.0,0,0.0,2017.0,7,22,1.0,0.0,0,0,76.5,0.0
2,0,1,2,0,0.0,0,0.0,2018.0,4,29,0.0,0.0,0,0,80.75,0.0
2,0,0,3,0,0.0,0,0.0,2018.0,8,9,0.0,0.0,0,0,117.1,0.0
2,0,1,2,2,0.0,0,0.0,2017.0,9,5,0.0,0.0,0,0,113.0,0.0
2,0,1,4,1,0.0,0,0.0,2018.0,8,3,1.0,0.0,0,0,104.76,0.0
2,0,2,2,0,0.0,5,14.0,2018.0,11,19,1.0,0.0,0,0,0.0,0.0
2,0,2,5,0,0.0,0,0.0,2018.0,10,5,0.0,0.0,0,0,90.0,0.0
2,0,1,4,0,0.0,0,0.0,2018.0,6,10,0.0,0.0,0,0,128.85,0.0
1,0,0,2,0,1.0,0,0.0,2018.0,3,31,0.0,1.0,0,3,67.0,0.0
3,0,0,3,0,0.0,1,0.0,2018.0,5,25,0.0,0.0,0,0,177.0,0.0
1,0,0,3,0,0.0,0,0.0,2018.0,3,30,0.0,0.0,0,0,82.92,0.0
2,0,0,5,0,0.0,0,0.0,2018.0,9,18,0.0,0.0,0,0,0.0,0.0
2,0,1,2,1,0.0,0,0.0,2017.0,11,7,0.0,0.0,0,0,60.29,0.0
2,0,2,2,0,0.0,0,86.0,2018.0,5,7,0.0,0.0,0,0,0.0,0.0
2,0,1,2,0,0.0,0,0.0,2018.0,9,7,0.0,0.0,0,0,0.0,0.0
2,1,0,2,0,0.0,0,0.0,2018.0,12,2,1.0,0.0,0,0,104.73,0.0
2,0,0,1,0,0.0,0,0.0,2018.0,4,27,0.0,0.0,0,0,96.3,0.0
2,1,0,2,0,0.0,1,0.0,2018.0,11,25,0.0,0.0,0,0,94.0,0.0
2,0,1,3,0,0.0,0,0.0,2018.0,5,12,0.0,0.0,0,0,71.0,0.0
2,0,1,3,1,0.0,0,0.0,2018.0,3,7,1.0,0.0,0,0,68.85,0.0
3,0,2,2,0,0.0,1,0.0,2018.0,9,9,0.0,0.0,0,0,149.4,0.0
2,0,2,1,0,0.0,0,0.0,2018.0,5,16,1.0,0.0,0,0,121.5,2.0
2,0,1,3,0,0.0,0,0.0,2018.0,5,2,0.0,0.0,0,0,0.0,0.0
1,0,0,1,0,0.0,1,0.0,2018.0,2,23,0.0,0.0,0,0,86.0,0.0
1,0,0,3,0,0.0,0,43.0,2017.0,10,13,0.0,0.0,0,0,75.0,0.0
1,0,0,2,0,0.0,0,0.0,2018.0,4,6,0.0,0.0,0,0,0.0,0.0
2,0,1,1,0,0.0,1,0.0,2018.0,3,25,0.0,0.0,0,0,131.4,0.0
2,0,2,3,0,0.0,0,0.0,2018.0,5,20,0.0,0.0,0,0,78.0,0.0
2,0,3,7,0,0.0,0,0.0,2017.0,8,13,1.0,0.0,0,0,76.5,0.0
2,0,1,4,0,0.0,0,0.0,2018.0,5,8,0.0,0.0,0,0,99.45,0.0
2,0,0,1,0,0.0,0,0.0,2018.0,5,16,0.0,0.0,0,0,75.0,0.0
2,0,0,2,0,0.0,0,0.0,2017.0,10,7,1.0,0.0,0,0,89.25,0.0
2,0,0,3,0,0.0,1,0.0,2018.0,4,21,0.0,0.0,0,0,97.75,0.0
1,0,0,2,0,0.0,0,0.0,2018.0,11,25,0.0,0.0,0,0,52.0,0.0
2,0,5,13,0,0.0,0,0.0,2017.0,10,7,0.0,0.0,0,0,76.5,0.0
2,0,2,1,0,0.0,0,0.0,2018.0,3,25,0.0,0.0,0,0,38.67,0.0
1,0,0,2,2,0.0,0,0.0,2017.0,9,4,1.0,0.0,0,0,0.0,0.0
2,0,0,1,0,0.0,1,0.0,2018.0,9,27,1.0,0.0,0,0,0.0,0.0
2,0,2,2,2,0.0,0,0.0,2018.0,9,11,0.0,0.0,0,0,144.9,2.0
2,0,1,2,0,0.0,0,0.0,2018.0,10,28,1.0,0.0,0,0,90.9,0.0
3,0,2,0,0,0.0,1,69.0,2018.0,4,30,0.0,0.0,0,0,137.7,0.0
2,0,0,4,0,0.0,0,0.0,2018.0,5,10,0.0,0.0,0,0,76.58,0.0
2,0,0,2,1,0.0,0,0.0,2018.0,8,26,0.0,0.0,0,0,95.4,0.0
3,0,2,2,0,0.0,1,0.0,2018.0,7,14,1.0,0.0,0,0,137.7,0.0
2,0,0,3,0,0.0,0,0.0,2018.0,10,10,0.0,0.0,0,0,116.33,0.0
1,0,0,2,0,0.0,0,0.0,2018.0,6,10,0.0,0.0,0,0,120.0,0.0
1,0,1,2,0,0.0,0,0.0,2018.0,5,13,0.0,0.0,0,0,95.0,0.0
3,0,2,5,2,0.0,1,0.0,2018.0,8,19,0.0,0.0,0,0,180.2,0.0
2,0,2,2,0,0.0,1,0.0,2018.0,5,6,1.0,0.0,0,0,132.77,0.0
2,0,2,4,0,0.0,2,0.0,2018.0,2,19,1.0,0.0,0,0,79.75,0.0
1,0,0,4,0,0.0,0,0.0,2017.0,6,18,0.0,0.0,0,0,85.0,0.0
2,0,0,1,0,0.0,1,108.0,2018.0,8,1,0.0,0.0,0,0,127.8,0.0
2,0,0,3,0,0.0,0,0.0,2018.0,8,1,0.0,0.0,0,0,105.3,0.0
2,0,0,3,1,0.0,2,0.0,2018.0,8,4,0.0,0.0,0,0,101.05,0.0
2,0,1,3,0,0.0,1,0.0,2018.0,9,8,0.0,0.0,0,0,168.3,0.0
2,0,1,1,0,0.0,0,0.0,2017.0,8,8,0.0,0.0,0,0,76.5,0.0
2,0,1,2,0,0.0,0,0.0,2018.0,9,26,0.0,0.0,0,0,75.0,0.0
2,0,2,2,0,0.0,0,0.0,2018.0,7,20,0.0,0.0,0,0,72.25,1.0
3,0,0,2,0,0.0,1,0.0,2018.0,12,7,0.0,0.0,0,0,122.4,0.0
2,0,2,2,0,0.0,0,109.0,2018.0,12,17,0.0,0.0,0,0,88.4,0.0
3,0,1,2,0,0.0,1,0.0,2018.0,4,4,0.0,0.0,0,0,137.7,0.0
1,0,0,2,0,0.0,0,0.0,2017.0,12,2,0.0,0.0,0,0,100.0,0.0
1,0,0,3,0,0.0,0,0.0,2018.0,6,19,0.0,0.0,0,0,80.0,0.0
1,0,0,1,0,0.0,0,0.0,2018.0,10,29,0.0,0.0,0,0,0.0,0.0
2,0,0,3,0,0.0,1,0.0,2018.0,9,8,0.0,0.0,0,0,143.1,0.0
3,0,2,2,0,0.0,1,0.0,2018.0,5,29,1.0,0.0,0,0,130.0,0.0
1,0,2,1,0,0.0,0,0.0,2018.0,12,31,0.0,1.0,0,1,69.0,0.0
3,0,0,3,0,0.0,1,63.0,2018.0,8,10,1.0,0.0,0,0,161.1,0.0
1,0,2,2,1,0.0,0,0.0,2018.0,10,23,0.0,0.0,0,0,0.0,0.0
2,0,0,3,0,1.0,1,0.0,2018.0,10,6,1.0,0.0,0,0,164.0,0.0
2,2,2,3,2,0.0,3,0.0,2018.0,10,19,0.0,0.0,0,0,219.6,0.0
3,0,1,1,0,0.0,0,0.0,2018.0,5,21,0.0,0.0,0,0,159.3,0.0
1,0,2,1,0,0.0,0,0.0,2018.0,5,15,0.0,0.0,0,0,112.5,0.0
2,2,0,0,0,0.0,5,0.0,2018.0,7,14,1.0,0.0,0,0,0.0,0.0
2,0,2,2,0,0.0,1,0.0,2018.0,10,29,0.0,0.0,0,0,70.0,0.0
2,0,1,1,0,0.0,0,0.0,2018.0,12,27,0.0,0.0,0,0,70.0,0.0
1,0,0,2,0,0.0,0,0.0,2017.0,12,8,0.0,1.0,0,1,65.0,0.0
2,0,0,3,0,0.0,0,0.0,2018.0,9,21,0.0,0.0,0,0,101.33,0.0
2,0,0,3,0,0.0,2,0.0,2018.0,12,8,0.0,0.0,0,0,82.13,0.0
2,0,2,3,0,0.0,0,0.0,2018.0,8,22,1.0,0.0,0,0,99.45,0.0
2,0,2,2,0,0.0,0,0.0,2017.0,12,26,0.0,0.0,0,0,43.5,0.0
2,0,0,2,2,0.0,0,0.0,2018.0,4,14,1.0,0.0,0,0,101.5,0.0
2,0,0,3,0,0.0,2,0.0,2018.0,4,14,0.0,0.0,0,0,86.52,0.0
2,0,2,3,0,0.0,0,0.0,2018.0,10,9,0.0,0.0,0,0,85.0,0.0
2,0,0,3,0,0.0,0,0.0,2017.0,12,27,0.0,0.0,0,0,85.0,0.0
3,0,1,1,0,0.0,1,0.0,2018.0,4,2,0.0,0.0,0,0,159.3,0.0
2,0,1,3,0,0.0,0,0.0,2018.0,4,11,0.0,0.0,0,0,81.2,0.0
1,0,0,1,0,0.0,0,0.0,2018.0,2,23,1.0,0.0,0,0,72.9,0.0
1,0,0,4,2,0.0,0,0.0,2017.0,9,18,0.0,0.0,0,0,80.0,0.0
2,2,0,2,0,0.0,3,0.0,2018.0,8,3,1.0,0.0,0,0,230.0,0.0
2,0,0,4,0,0.0,1,0.0,2018.0,3,5,0.0,0.0,0,0,118.8,0.0
2,0,2,2,0,0.0,0,0.0,2017.0,9,4,0.0,0.0,0,0,0.0,0.0
1,0,0,5,0,0.0,0,0.0,2017.0,12,30,0.0,0.0,0,0,70.0,0.0
2,0,1,3,0,0.0,0,219.0,2018.0,10,3,1.0,0.0,0,0,102.85,0.0
2,1,1,0,0,0.0,0,0.0,2018.0,9,11,0.0,0.0,0,0,99.0,0.0
1,0,2,2,0,0.0,0,0.0,2018.0,10,30,1.0,0.0,0,0,80.75,0.0
1,0,1,2,0,0.0,0,0.0,2018.0,5,25,0.0,0.0,0,0,130.0,0.0
2,0,0,4,0,0.0,0,0.0,2018.0,10,4,0.0,0.0,0,0,96.28,0.0
1,0,2,2,0,0.0,0,0.0,2018.0,5,5,0.0,0.0,0,0,100.0,0.0
1,0,0,3,0,0.0,0,0.0,2018.0,4,12,1.0,0.0,0,0,90.9,0.0
1,0,1,3,0,0.0,0,4.0,2018.0,11,29,0.0,1.0,0,2,65.0,0.0
2,0,1,2,1,0.0,0,0.0,2017.0,5,30,1.0,0.0,0,0,94.8,0.0
1,0,0,2,0,0.0,0,0.0,2018.0,2,19,0.0,0.0,0,0,71.0,0.0
3,0,0,4,0,0.0,1,0.0,2018.0,10,22,0.0,0.0,0,0,135.0,0.0
2,0,0,2,0,0.0,0,0.0,2018.0,5,20,0.0,0.0,0,0,100.0,0.0
1,0,0,2,2,0.0,0,1.0,2017.0,8,14,0.0,0.0,0,0,87.0,0.0
1,0,1,0,0,0.0,0,0.0,2018.0,10,10,0.0,0.0,0,0,120.0,0.0
0,2,2,2,0,0.0,2,0.0,2018.0,7,2,1.0,0.0,0,0,81.82,0.0
2,0,0,1,2,0.0,0,0.0,2018.0,7,13,0.0,0.0,0,0,105.0,0.0
1,0,7,1,0,0.0,0,0.0,2018.0,6,3,0.0,0.0,0,0,96.67,0.0
2,0,2,2,0,0.0,0,0.0,2018.0,9,4,0.0,0.0,0,0,149.85,0.0
2,0,2,5,0,0.0,0,0.0,2018.0,1,9,0.0,0.0,0,0,43.43,0.0
2,0,2,1,0,0.0,1,0.0,2018.0,10,30,0.0,0.0,0,0,104.4,0.0
2,0,0,3,0,0.0,2,0.0,2018.0,3,15,1.0,0.0,0,0,0.0,0.0
3,0,1,3,0,0.0,1,0.0,2018.0,11,14,0.0,0.0,0,0,81.0,0.0
2,1,0,4,0,0.0,0,0.0,2018.0,3,9,1.0,0.0,0,0,119.0,0.0
2,0,2,4,0,0.0,1,0.0,2018.0,7,25,0.0,0.0,0,0,97.75,0.0
2,0,2,2,0,0.0,0,164.0,2018.0,9,17,0.0,0.0,0,0,126.9,0.0
2,0,0,2,0,0.0,0,37.0,2017.0,10,22,0.0,0.0,0,0,0.0,0.0
1,0,0,2,2,0.0,0,0.0,2017.0,12,10,0.0,0.0,0,0,0.0,0.0
1,0,4,10,0,0.0,1,0.0,2018.0,5,9,3.0,0.0,0,0,110.0,0.0
2,0,0,1,0,0.0,0,0.0,2018.0,8,13,0.0,0.0,0,0,85.0,0.0
3,0,0,1,0,0.0,1,0.0,2018.0,8,9,0.0,0.0,0,0,159.3,0.0
3,0,1,0,0,0.0,1,0.0,2018.0,2,22,0.0,0.0,0,0,127.0,0.0
2,0,0,4,2,0.0,0,0.0,2018.0,4,25,0.0,0.0,0,0,140.0,0.0
3,0,2,2,0,0.0,1,0.0,2018.0,3,25,0.0,0.0,0,0,0.0,1.0
2,0,1,4,0,0.0,0,118.0,2018.0,6,6,0.0,0.0,0,0,110.0,0.0
2,0,1,1,0,0.0,0,0.0,2018.0,8,27,1.0,0.0,0,0,96.3,0.0
2,0,0,2,0,0.0,0,0.0,2018.0,11,4,0.0,0.0,0,0,112.0,0.0
2,2,1,2,0,0.0,3,0.0,2018.0,5,27,1.0,0.0,0,0,198.9,0.0
1,0,0,2,0,0.0,0,0.0,2017.0,10,9,0.0,0.0,0,0,75.0,0.0
2,0,2,3,0,0.0,1,0.0,2018.0,10,2,1.0,0.0,0,0,129.96,0.0
2,0,1,3,0,0.0,0,305.0,2018.0,11,4,0.0,0.0,0,0,89.0,0.0
2,0,1,1,1,0.0,0,0.0,2018.0,10,11,1.0,0.0,0,0,80.1,0.0
2,0,2,1,0,0.0,0,0.0,2018.0,10,29,1.0,0.0,0,0,90.0,0.0
2,0,1,0,0,0.0,0,0.0,2018.0,6,4,0.0,0.0,0,0,62.8,0.0
2,0,2,8,2,0.0,0,0.0,2018.0,12,8,0.0,0.0,0,0,107.0,0.0
2,0,0,3,0,0.0,0,0.0,2018.0,6,19,0.0,0.0,0,0,0.0,0.0
1,0,0,4,0,0.0,0,0.0,2018.0,6,30,1.0,0.0,0,0,85.0,0.0
2,0,2,1,0,0.0,0,0.0,2018.0,5,21,0.0,0.0,0,0,126.9,0.0
2,0,1,3,0,0.0,0,0.0,2018.0,8,25,0.0,0.0,0,0,90.95,0.0
3,0,1,3,0,0.0,1,0.0,2018.0,12,5,0.0,0.0,0,0,130.9,0.0
2,1,0,4,0,0.0,0,0.0,2018.0,11,30,0.0,0.0,0,0,113.4,0.0
2,0,0,8,0,0.0,1,0.0,2018.0,1,20,1.0,0.0,0,0,81.54,0.0
2,0,2,3,0,0.0,0,136.0,2018.0,8,11,0.0,0.0,0,0,83.12,0.0
1,0,2,3,1,0.0,0,0.0,2018.0,3,30,0.0,0.0,0,0,79.05,0.0
3,0,2,4,0,0.0,0,0.0,2018.0,3,26,0.0,0.0,0,0,92.65,0.0
2,0,2,3,0,0.0,0,0.0,2017.0,9,20,0.0,0.0,0,0,94.5,0.0
2,0,1,5,0,0.0,1,0.0,2018.0,12,25,0.0,0.0,0,0,104.57,0.0
2,0,0,3,2,0.0,0,0.0,2018.0,9,20,0.0,0.0,0,0,156.0,0.0
1,0,1,0,0,0.0,4,0.0,2017.0,9,11,0.0,0.0,0,0,181.79,0.0
2,2,0,3,0,0.0,3,37.0,2018.0,10,20,0.0,0.0,0,0,207.9,0.0
1,0,1,4,0,0.0,0,0.0,2018.0,1,28,0.0,0.0,0,0,88.0,0.0
2,0,1,3,0,0.0,1,0.0,2018.0,9,28,0.0,0.0,0,0,108.57,0.0
2,0,1,2,0,0.0,1,0.0,2018.0,8,11,0.0,0.0,0,0,166.0,0.0
1,1,1,2,0,0.0,0,0.0,2018.0,11,4,0.0,0.0,0,0,146.03,0.0
2,0,1,1,2,0.0,0,0.0,2018.0,4,30,1.0,0.0,0,0,141.0,0.0
1,2,2,3,2,0.0,1,0.0,2018.0,4,9,0.0,0.0,0,0,129.2,0.0
1,0,2,5,2,0.0,0,0.0,2017.0,8,8,0.0,0.0,0,0,72.5,0.0
2,0,0,2,0,0.0,0,0.0,2018.0,12,8,0.0,0.0,0,0,70.0,0.0
2,0,2,0,0,0.0,0,0.0,2017.0,9,20,0.0,0.0,0,0,111.2,0.0
2,0,2,1,0,0.0,0,0.0,2018.0,10,18,1.0,0.0,0,0,0.0,0.0
2,0,1,2,0,0.0,0,0.0,2018.0,5,29,0.0,0.0,0,0,80.75,0.0
2,0,1,3,0,0.0,0,0.0,2018.0,4,24,1.0,0.0,0,0,73.74,0.0
2,0,1,2,0,0.0,0,0.0,2018.0,10,22,1.0,0.0,0,0,96.3,0.0
1,0,1,2,0,0.0,4,0.0,2018.0,10,31,0.0,0.0,0,0,0.0,0.0
3,0,1,2,0,0.0,1,0.0,2018.0,5,13,1.0,0.0,0,0,168.3,0.0
3,0,2,0,0,0.0,1,0.0,2018.0,4,3,1.0,0.0,0,0,131.4,0.0
2,0,1,0,0,0.0,0,0.0,2018.0,8,11,1.0,0.0,0,0,117.9,0.0
2,0,0,2,0,0.0,0,0.0,2018.0,11,25,0.0,0.0,0,0,88.0,0.0
2,0,1,2,0,0.0,0,0.0,2018.0,10,31,0.0,0.0,0,0,75.0,0.0
3,0,1,1,0,0.0,1,0.0,2018.0,7,23,1.0,0.0,0,0,142.2,0.0
3,0,2,1,0,0.0,0,0.0,2018.0,9,18,0.0,0.0,0,0,162.0,0.0
3,0,0,1,0,0.0,1,0.0,2017.0,7,15,0.0,0.0,0,0,168.3,0.0
1,0,1,2,0,0.0,0,0.0,2017.0,10,7,2.0,0.0,0,0,68.0,0.0
2,2,0,2,0,0.0,3,0.0,2017.0,8,7,0.0,0.0,0,0,159.5,0.0
2,0,2,2,2,0.0,0,0.0,2018.0,9,4,1.0,0.0,0,0,152.15,0.0
2,0,0,2,0,0.0,0,0.0,2018.0,12,27,0.0,0.0,0,0,65.0,0.0
3,0,0,4,0,0.0,4,42.0,2018.0,10,27,0.0,0.0,0,0,129.6,0.0
2,0,0,3,0,0.0,1,0.0,2018.0,9,12,0.0,0.0,0,0,149.4,0.0
2,0,1,2,0,0.0,0,0.0,2018.0,11,19,0.0,0.0,0,0,75.0,0.0
2,0,0,1,0,0.0,1,5.0,2018.0,10,20,1.0,0.0,0,0,164.0,0.0
2,0,2,2,0,1.0,1,0.0,2018.0,10,22,0.0,0.0,0,0,135.45,0.0
2,2,0,4,0,0.0,3,0.0,2018.0,10,10,1.0,0.0,0,0,199.4,1.0
2,0,0,2,0,0.0,0,0.0,2018.0,1,17,0.0,0.0,0,0,66.0,0.0
2,0,1,3,0,0.0,0,0.0,2018.0,10,12,0.0,0.0,0,0,110.0,0.0
2,0,0,4,0,0.0,0,0.0,2018.0,8,30,1.0,0.0,0,0,90.95,0.0
1,0,0,2,0,0.0,0,119.0,2018.0,4,15,0.0,0.0,0,0,90.9,0.0
1,0,0,1,0,1.0,0,0.0,2018.0,3,3,2.0,1.0,0,1,67.0,0.0
2,0,2,1,0,0.0,0,0.0,2017.0,12,5,0.0,0.0,0,0,43.5,0.0
2,0,2,1,0,0.0,2,0.0,2018.0,6,17,0.0,0.0,0,0,95.0,0.0
2,0,1,3,0,0.0,0,0.0,2017.0,8,22,0.0,0.0,0,0,87.84,0.0
1,0,0,2,0,0.0,1,1.0,2017.0,6,11,2.0,0.0,0,0,129.0,0.0
3,0,0,3,0,0.0,1,21.0,2018.0,4,13,1.0,0.0,0,0,137.0,0.0
2,0,2,4,0,0.0,0,0.0,2018.0,11,23,0.0,0.0,0,0,112.0,0.0
2,0,2,1,2,0.0,0,0.0,2018.0,4,6,0.0,0.0,0,0,104.0,0.0
1,0,1,3,1,0.0,0,0.0,2018.0,6,28,0.0,0.0,0,0,99.0,0.0
2,0,1,2,1,0.0,0,0.0,2018.0,12,17,0.0,0.0,0,0,79.2,0.0
1,0,2,1,0,0.0,0,0.0,2018.0,1,28,0.0,0.0,0,0,60.0,0.0
3,0,0,2,0,0.0,1,0.0,2018.0,4,21,0.0,0.0,0,0,137.7,0.0
2,0,0,1,0,0.0,0,0.0,2018.0,9,13,0.0,0.0,0,0,184.0,0.0
1,0,0,1,0,0.0,0,0.0,2018.0,9,13,1.0,0.0,0,0,80.0,0.0
2,1,0,4,2,0.0,0,21.0,2018.0,3,23,1.0,0.0,0,0,0.0,0.0
2,0,1,2,0,0.0,0,0.0,2017.0,10,8,0.0,0.0,0,0,0.0,0.0
3,0,2,5,0,0.0,1,0.0,2018.0,8,1,1.0,0.0,0,0,140.27,0.0
2,1,1,1,0,0.0,0,0.0,2018.0,10,3,0.0,0.0,0,0,145.0,0.0
2,0,0,1,1,0.0,0,0.0,2018.0,9,15,0.0,0.0,0,0,115.0,0.0
2,0,1,2,0,0.0,2,0.0,2017.0,11,23,0.0,0.0,0,0,77.25,0.0
3,0,0,2,0,0.0,1,0.0,2018.0,8,21,0.0,0.0,0,0,168.3,0.0
1,0,0,2,2,0.0,0,0.0,2017.0,9,22,0.0,0.0,0,0,87.0,0.0
2,0,2,2,0,0.0,0,0.0,2018.0,10,2,0.0,0.0,0,0,80.75,0.0
1,0,0,1,0,0.0,0,0.0,2017.0,8,29,0.0,0.0,0,0,67.0,0.0
2,0,2,5,0,0.0,0,0.0,2018.0,6,15,0.0,0.0,0,0,119.85,0.0
1,0,0,2,2,0.0,0,0.0,2017.0,6,14,0.0,0.0,0,0,87.0,0.0
2,0,1,0,0,0.0,0,0.0,2017.0,10,23,0.0,0.0,0,0,67.0,0.0
2,0,1,4,1,0.0,0,0.0,2018.0,7,28,0.0,0.0,0,0,85.5,0.0
2,0,5,3,0,0.0,0,0.0,2018.0,12,31,0.0,0.0,0,0,0.0,0.0
2,0,0,3,0,0.0,1,0.0,2018.0,8,31,1.0,0.0,0,0,149.4,0.0
2,0,0,2,1,0.0,0,0.0,2018.0,7,9,0.0,0.0,0,0,94.5,0.0
3,0,0,3,0,0.0,1,0.0,2018.0,8,29,0.0,0.0,0,0,159.3,0.0
2,1,0,2,0,0.0,0,0.0,2018.0,7,12,0.0,0.0,0,0,152.1,0.0
3,0,2,2,0,0.0,1,0.0,2018.0,7,22,1.0,0.0,0,0,141.18,0.0
2,0,1,4,0,0.0,1,0.0,2018.0,3,5,0.0,0.0,0,0,82.45,0.0
2,1,2,2,0,0.0,0,0.0,2018.0,5,22,1.0,0.0,0,0,165.75,0.0
2,0,0,1,0,0.0,1,0.0,2018.0,9,2,0.0,0.0,0,0,184.0,0.0
1,0,0,1,0,0.0,0,0.0,2018.0,12,27,0.0,0.0,0,0,60.0,0.0
3,0,2,3,0,0.0,1,0.0,2018.0,9,29,0.0,0.0,0,0,157.85,0.0
2,1,1,1,0,0.0,0,0.0,2018.0,8,30,0.0,0.0,0,0,112.5,0.0
2,0,0,3,0,0.0,1,0.0,2018.0,9,1,1.0,0.0,0,0,149.4,0.0
1,0,2,1,0,0.0,0,0.0,2018.0,2,27,0.0,0.0,0,0,80.0,0.0
2,0,2,2,0,0.0,0,0.0,2018.0,4,27,0.0,0.0,0,0,95.2,0.0
2,1,0,1,0,0.0,0,0.0,2018.0,7,18,0.0,0.0,0,0,152.1,0.0
1,0,0,1,0,0.0,0,0.0,2017.0,11,2,0.0,0.0,0,0,100.0,0.0
1,0,0,3,1,0.0,0,0.0,2018.0,10,25,0.0,0.0,0,0,85.0,0.0
1,0,0,1,0,0.0,0,0.0,2017.0,5,9,0.0,0.0,0,0,98.1,0.0
2,0,0,3,2,0.0,0,256.0,2018.0,6,15,1.0,0.0,0,0,115.0,0.0
2,0,0,2,2,0.0,0,0.0,2018.0,10,9,0.0,0.0,0,0,107.0,0.0
2,0,2,2,0,0.0,1,0.0,2018.0,7,31,1.0,0.0,0,0,114.66,0.0
1,0,2,2,0,0.0,0,0.0,2018.0,2,19,0.0,0.0,0,0,0.0,0.0
2,0,1,4,1,0.0,0,0.0,2018.0,8,17,1.0,0.0,0,0,89.25,0.0
2,0,0,2,0,0.0,0,0.0,2017.0,10,6,0.0,1.0,1,0,90.0,0.0
2,0,0,2,1,0.0,0,0.0,2018.0,9,28,1.0,0.0,0,0,0.0,0.0
2,0,2,2,0,0.0,0,0.0,2018.0,5,12,0.0,0.0,0,0,100.0,0.0
1,0,0,1,0,0.0,0,0.0,2018.0,12,6,0.0,1.0,1,6,74.0,0.0
2,0,0,2,0,0.0,0,0.0,2018.0,12,3,0.0,0.0,0,0,85.0,0.0
2,1,2,3,0,0.0,0,0.0,2018.0,10,20,0.0,0.0,0,0,106.25,0.0
2,0,0,1,0,0.0,0,0.0,2018.0,9,3,0.0,0.0,0,0,126.9,0.0
3,0,2,2,0,0.0,1,0.0,2018.0,7,23,1.0,0.0,0,0,139.95,0.0
3,0,0,4,0,0.0,1,0.0,2018.0,7,20,0.0,0.0,0,0,137.7,0.0
2,1,1,3,0,0.0,0,0.0,2018.0,3,21,1.0,0.0,0,0,0.0,0.0
2,0,1,4,0,0.0,0,0.0,2018.0,6,29,0.0,0.0,0,0,80.75,0.0
1,0,2,1,0,0.0,0,0.0,2018.0,5,13,0.0,0.0,0,0,65.0,0.0
2,0,0,3,0,0.0,0,0.0,2018.0,8,30,0.0,0.0,0,0,72.76,0.0
2,0,2,4,0,0.0,0,0.0,2017.0,12,10,0.0,0.0,0,0,70.0,0.0
2,0,0,5,0,0.0,1,0.0,2018.0,9,16,0.0,0.0,0,0,137.21,0.0
1,0,0,3,0,0.0,0,0.0,2018.0,12,22,2.0,1.0,0,1,88.0,0.0
2,0,1,1,1,0.0,0,197.0,2018.0,8,18,0.0,0.0,0,0,85.5,0.0
2,0,2,2,0,0.0,1,0.0,2018.0,10,14,0.0,0.0,0,0,95.13,0.0
1,0,0,1,0,0.0,0,0.0,2017.0,10,29,0.0,0.0,0,0,90.0,0.0
2,0,0,2,0,0.0,2,0.0,2017.0,10,7,1.0,0.0,0,0,105.5,0.0
2,0,0,2,1,0.0,0,0.0,2018.0,12,23,1.0,0.0,0,0,79.2,0.0
2,0,0,2,0,0.0,0,0.0,2018.0,6,19,0.0,0.0,0,0,130.0,0.0
2,0,3,5,0,0.0,0,0.0,2018.0,8,22,0.0,0.0,0,0,72.76,0.0
2,0,1,0,0,0.0,0,0.0,2017.0,9,20,0.0,1.0,1,0,100.0,0.0
2,2,2,2,0,0.0,3,0.0,2017.0,12,26,0.0,0.0,0,0,192.0,0.0
2,0,2,6,0,0.0,0,0.0,2018.0,8,20,0.0,0.0,0,0,72.25,0.0
2,0,0,3,0,0.0,0,0.0,2018.0,11,24,0.0,0.0,0,0,75.0,0.0
3,0,2,2,0,0.0,1,0.0,2018.0,12,17,1.0,0.0,0,0,119.0,0.0
2,0,0,3,0,1.0,1,0.0,2018.0,7,17,0.0,0.0,0,0,127.8,0.0
2,0,0,3,0,0.0,0,0.0,2018.0,12,7,1.0,0.0,0,0,0.0,0.0
2,0,1,4,0,0.0,0,0.0,2018.0,6,18,0.0,0.0,0,0,89.53,0.0
2,0,0,3,0,0.0,0,0.0,2017.0,10,8,0.0,0.0,0,0,85.0,0.0
1,0,1,1,0,0.0,0,0.0,2018.0,10,14,0.0,0.0,0,0,85.0,0.0
2,0,2,2,0,0.0,0,0.0,2018.0,11,1,0.0,0.0,0,0,90.95,0.0
2,0,0,3,0,0.0,1,0.0,2017.0,10,27,0.0,0.0,0,0,85.0,0.0
2,0,2,3,0,0.0,2,0.0,2018.0,10,9,0.0,0.0,0,0,100.3,0.0
2,0,2,0,0,0.0,0,0.0,2018.0,5,4,0.0,0.0,0,0,95.0,0.0
2,1,1,3,0,0.0,0,0.0,2018.0,4,25,1.0,0.0,0,0,114.57,0.0
2,2,0,3,0,0.0,3,0.0,2018.0,12,23,1.0,0.0,0,0,156.6,0.0
2,0,2,5,0,0.0,1,0.0,2018.0,12,21,1.0,0.0,0,0,96.9,0.0
2,0,2,1,0,0.0,3,0.0,2018.0,10,30,0.0,0.0,0,0,146.92,0.0
1,0,0,2,0,0.0,4,0.0,2018.0,8,12,0.0,0.0,0,0,106.0,0.0
2,0,1,5,0,0.0,0,0.0,2018.0,6,3,0.0,0.0,0,0,80.75,0.0
1,0,1,1,0,0.0,0,0.0,2018.0,2,17,0.0,1.0,0,6,66.0,0.0
2,0,0,3,0,0.0,0,0.0,2018.0,5,13,0.0,0.0,0,0,95.0,0.0
3,0,1,3,0,0.0,0,0.0,2018.0,8,22,1.0,0.0,0,0,0.0,0.0
2,0,0,3,1,0.0,0,0.0,2018.0,10,25,1.0,0.0,0,0,80.1,0.0
2,0,2,2,0,0.0,0,122.0,2018.0,6,11,0.0,0.0,0,0,0.0,0.0
2,0,1,2,0,0.0,0,0.0,2018.0,9,9,0.0,0.0,0,0,70.0,0.0
2,0,1,1,0,0.0,1,0.0,2018.0,7,1,0.0,0.0,0,0,137.7,0.0
1,0,0,0,2,0.0,0,0.0,2017.0,7,17,0.0,0.0,0,0,0.0,0.0
1,2,6,2,0,0.0,3,0.0,2018.0,11,2,1.0,0.0,0,0,186.22,0.0
3,0,0,2,0,0.0,1,0.0,2018.0,6,1,1.0,0.0,0,0,157.0,0.0
2,0,0,3,0,0.0,0,0.0,2018.0,11,3,0.0,0.0,0,0,105.0,0.0
3,0,2,2,0,0.0,1,39.0,2018.0,3,13,0.0,0.0,0,0,114.3,1.0
3,0,0,3,0,0.0,0,0.0,2018.0,10,19,1.0,0.0,0,0,159.0,0.0
1,0,0,2,0,0.0,0,0.0,2017.0,8,14,0.0,0.0,0,0,65.0,0.0
2,1,2,4,2,1.0,0,0.0,2018.0,8,24,0.0,0.0,0,0,132.25,0.0
2,0,2,3,2,0.0,0,0.0,2017.0,9,25,0.0,0.0,0,0,86.0,0.0
2,0,1,1,0,0.0,0,0.0,2018.0,8,15,0.0,0.0,0,0,72.25,0.0
2,0,0,3,0,0.0,0,0.0,2017.0,9,2,0.0,0.0,0,0,102.0,0.0
2,0,1,0,0,0.0,1,0.0,2018.0,10,10,0.0,0.0,0,0,107.0,0.0
2,0,2,1,0,0.0,0,0.0,2018.0,10,30,1.0,0.0,0,0,93.3,0.0
2,0,1,1,0,0.0,5,0.0,2018.0,5,10,4.0,0.0,0,0,0.0,0.0
1,0,0,4,0,0.0,0,12.0,2018.0,11,1,0.0,0.0,0,0,85.0,0.0
2,0,1,2,2,0.0,0,0.0,2017.0,10,16,0.0,0.0,0,0,101.5,0.0
1,0,1,1,0,0.0,0,0.0,2017.0,4,21,0.0,1.0,0,3,0.0,0.0
2,0,2,1,0,0.0,0,0.0,2018.0,2,28,0.0,0.0,0,0,75.0,0.0
2,0,1,3,0,0.0,0,0.0,2018.0,11,29,0.0,0.0,0,0,89.0,0.0
2,0,0,1,2,0.0,0,0.0,2018.0,7,23,0.0,0.0,0,0,189.0,0.0
2,2,2,2,0,0.0,4,0.0,2018.0,8,28,0.0,0.0,0,0,129.6,0.0
2,0,1,0,0,0.0,0,0.0,2017.0,7,27,1.0,0.0,0,0,76.5,0.0
2,0,2,1,0,0.0,0,0.0,2017.0,8,10,1.0,0.0,0,0,76.5,0.0
2,0,1,3,0,0.0,0,0.0,2018.0,10,6,0.0,0.0,0,0,80.75,0.0
2,0,0,2,1,0.0,0,0.0,2018.0,9,7,0.0,0.0,0,0,118.8,0.0
2,0,0,2,0,1.0,1,0.0,2018.0,12,16,0.0,0.0,0,0,0.0,0.0
2,0,1,1,0,0.0,1,0.0,2018.0,3,22,0.0,0.0,0,0,96.3,0.0
2,0,2,2,0,0.0,0,0.0,2018.0,4,14,0.0,0.0,0,0,115.0,0.0
2,0,0,2,1,0.0,0,0.0,2018.0,8,25,0.0,0.0,0,0,107.1,0.0
2,0,1,2,0,1.0,0,215.0,2018.0,11,27,1.0,0.0,0,0,106.25,0.0
2,0,2,4,0,0.0,0,151.0,2017.0,8,19,1.0,0.0,0,0,76.5,0.0
3,0,2,5,0,0.0,1,0.0,2018.0,8,14,0.0,0.0,0,0,131.26,0.0
2,0,2,0,0,0.0,0,0.0,2018.0,7,11,0.0,0.0,0,0,114.3,0.0
2,0,0,1,0,0.0,0,0.0,2018.0,10,4,0.0,0.0,0,0,118.8,0.0
2,0,2,3,0,0.0,1,0.0,2018.0,9,18,1.0,0.0,0,0,143.1,0.0
2,1,2,2,0,0.0,0,0.0,2018.0,7,30,1.0,0.0,0,0,121.5,0.0
2,0,1,1,0,0.0,0,0.0,2018.0,12,11,1.0,0.0,0,0,93.6,0.0
2,0,2,3,0,0.0,0,0.0,2018.0,6,26,0.0,0.0,0,0,80.75,0.0
3,0,1,3,0,0.0,0,0.0,2017.0,12,31,0.0,0.0,0,0,111.92,0.0
2,0,1,3,0,0.0,1,0.0,2018.0,3,21,1.0,0.0,0,0,65.45,0.0
2,0,1,1,0,0.0,1,0.0,2018.0,6,13,0.0,0.0,0,0,90.95,0.0
2,0,2,0,0,0.0,0,0.0,2018.0,7,16,0.0,0.0,0,0,96.0,0.0
1,0,0,1,0,0.0,0,0.0,2018.0,4,25,0.0,0.0,0,0,90.9,0.0
1,0,0,4,0,0.0,1,1.0,2018.0,2,27,0.0,0.0,0,0,108.0,0.0
1,0,2,2,0,0.0,0,0.0,2018.0,10,30,1.0,0.0,0,0,0.0,0.0
2,0,2,5,0,0.0,1,0.0,2018.0,5,21,1.0,0.0,0,0,143.1,0.0
2,0,0,5,0,0.0,1,0.0,2018.0,3,9,0.0,0.0,0,0,0.0,0.0
1,0,2,1,0,0.0,0,0.0,2017.0,10,4,0.0,0.0,0,0,66.13,0.0
2,0,2,1,1,0.0,0,0.0,2018.0,10,15,0.0,0.0,0,0,95.4,0.0
2,0,2,1,2,0.0,0,0.0,2018.0,9,17,0.0,0.0,0,0,156.0,0.0
1,0,0,3,0,0.0,0,0.0,2018.0,10,3,0.0,0.0,0,0,95.0,0.0
3,0,2,1,0,0.0,1,0.0,2018.0,6,17,0.0,0.0,0,0,159.3,0.0
2,0,1,0,0,0.0,1,0.0,2018.0,5,3,4.0,0.0,0,0,0.0,0.0
3,0,2,2,0,0.0,1,0.0,2018.0,5,14,1.0,0.0,0,0,159.3,0.0
2,0,0,3,0,0.0,0,0.0,2018.0,9,4,0.0,0.0,0,0,125.1,0.0
2,0,0,1,1,0.0,0,0.0,2018.0,12,2,1.0,0.0,0,0,79.2,0.0
2,0,0,1,0,0.0,0,0.0,2018.0,9,15,0.0,0.0,0,0,106.0,0.0
1,0,0,2,0,0.0,0,103.0,2018.0,4,19,0.0,0.0,0,0,115.0,0.0
2,0,1,3,0,0.0,0,0.0,2018.0,9,5,0.0,0.0,0,0,100.3,0.0
2,0,2,1,0,0.0,1,0.0,2018.0,5,7,0.0,0.0,0,0,114.3,0.0
1,0,1,2,0,0.0,1,0.0,2018.0,5,27,0.0,0.0,0,0,108.11,0.0
2,0,1,3,0,0.0,0,0.0,2018.0,8,8,1.0,0.0,0,0,90.95,0.0
2,0,1,2,0,0.0,0,0.0,2017.0,4,25,0.0,0.0,0,0,77.03,0.0
2,0,2,5,0,0.0,0,0.0,2018.0,8,30,0.0,0.0,0,0,92.29,0.0
2,0,0,1,0,0.0,0,0.0,2017.0,8,6,0.0,0.0,0,0,81.0,0.0
2,0,2,1,0,0.0,0,0.0,2018.0,6,7,0.0,1.0,0,6,0.0,0.0
2,2,0,1,0,0.0,5,6.0,2018.0,9,13,0.0,0.0,0,0,296.0,0.0
1,0,2,1,2,0.0,0,0.0,2017.0,8,29,0.0,0.0,0,0,72.5,0.0
2,0,2,5,0,0.0,0,0.0,2018.0,8,28,0.0,0.0,0,0,0.0,0.0
2,0,2,1,1,0.0,0,0.0,2018.0,7,22,0.0,0.0,0,0,80.75,0.0
2,0,2,4,0,0.0,0,0.0,2018.0,2,26,0.0,0.0,0,0,80.2,0.0
2,0,1,4,0,0.0,0,0.0,2018.0,7,25,0.0,0.0,0,0,99.45,0.0
3,0,2,2,0,0.0,4,0.0,2018.0,12,24,0.0,0.0,0,0,0.0,0.0
1,0,1,1,0,0.0,0,0.0,2018.0,10,24,0.0,0.0,0,0,95.0,0.0
2,2,0,1,0,0.0,3,0.0,2018.0,10,9,0.0,0.0,0,0,190.8,0.0
2,0,0,3,0,0.0,0,0.0,2018.0,10,30,0.0,0.0,0,0,85.85,0.0
2,0,2,4,0,0.0,0,0.0,2018.0,8,16,0.0,0.0,0,0,72.25,0.0
2,0,2,1,0,0.0,0,0.0,2018.0,1,2,0.0,0.0,0,0,60.0,0.0
3,0,2,1,0,0.0,1,0.0,2018.0,9,25,1.0,0.0,0,0,159.3,0.0
3,0,0,1,0,0.0,1,0.0,2018.0,5,8,0.0,0.0,0,0,162.0,0.0
1,0,1,1,0,0.0,0,0.0,2018.0,10,21,0.0,1.0,1,8,98.0,0.0
2,0,0,2,1,0.0,0,0.0,2018.0,12,28,1.0,0.0,0,0,79.2,0.0
2,1,0,3,0,0.0,0,0.0,2017.0,7,11,0.0,0.0,0,0,76.08,0.0
2,0,0,5,0,0.0,1,0.0,2018.0,10,13,1.0,0.0,0,0,132.3,0.0
2,0,1,5,1,0.0,0,0.0,2018.0,8,1,1.0,0.0,0,0,76.5,0.0
2,0,2,4,0,0.0,0,0.0,2018.0,4,27,1.0,0.0,0,0,0.0,0.0
1,0,1,2,0,0.0,0,0.0,2017.0,12,5,0.0,0.0,0,0,69.0,0.0
1,0,2,2,0,0.0,0,0.0,2018.0,3,18,1.0,0.0,0,0,93.5,0.0
2,1,2,2,2,0.0,0,0.0,2018.0,5,6,0.0,0.0,0,0,162.01,0.0
2,0,0,1,0,0.0,1,0.0,2018.0,7,27,0.0,0.0,0,0,0.0,0.0
2,0,1,2,0,0.0,0,0.0,2018.0,10,5,0.0,0.0,0,0,80.1,0.0
2,0,0,2,2,0.0,1,141.0,2018.0,7,23,1.0,0.0,0,0,163.8,0.0
2,0,2,2,2,0.0,0,0.0,2017.0,8,14,0.0,0.0,0,0,109.0,0.0
2,0,2,3,1,0.0,0,0.0,2017.0,12,27,1.0,0.0,0,0,60.48,0.0
3,0,0,3,0,0.0,1,0.0,2018.0,11,17,0.0,0.0,0,0,154.0,0.0
1,0,2,2,0,0.0,0,0.0,2018.0,7,28,1.0,0.0,0,0,101.38,0.0
2,0,1,1,2,0.0,0,0.0,2018.0,1,4,0.0,0.0,0,0,107.0,0.0
2,0,2,3,0,0.0,0,0.0,2017.0,12,18,1.0,0.0,0,0,72.25,0.0
2,0,2,5,0,0.0,0,0.0,2018.0,7,28,1.0,0.0,0,0,90.1,0.0
2,0,2,1,0,0.0,1,0.0,2018.0,8,27,0.0,0.0,0,0,96.3,0.0
2,0,1,0,0,1.0,2,0.0,2017.0,12,19,1.0,0.0,0,0,105.25,0.0
2,0,2,3,1,0.0,0,0.0,2018.0,12,1,0.0,0.0,0,0,0.0,0.0
2,0,1,4,0,0.0,0,0.0,2018.0,12,28,0.0,0.0,0,0,90.1,0.0
2,0,0,2,0,1.0,0,0.0,2017.0,9,9,0.0,0.0,0,0,100.0,0.0
3,0,1,2,0,0.0,1,0.0,2018.0,6,27,0.0,0.0,0,0,147.9,0.0
1,0,2,2,0,0.0,0,37.0,2018.0,3,6,0.0,0.0,0,0,76.5,0.0
2,0,1,3,0,0.0,4,0.0,2017.0,9,9,0.0,0.0,0,0,105.28,0.0
2,0,1,3,0,0.0,0,0.0,2018.0,10,10,0.0,0.0,0,0,90.95,0.0
2,0,0,3,0,0.0,0,0.0,2018.0,10,25,0.0,0.0,0,0,85.0,0.0
1,0,0,4,0,0.0,0,0.0,2018.0,6,2,0.0,0.0,0,0,0.0,0.0
2,0,0,4,2,0.0,0,26.0,2018.0,4,18,0.0,0.0,0,0,133.8,0.0
3,0,1,4,0,0.0,1,0.0,2018.0,8,9,0.0,0.0,0,0,150.3,0.0
2,0,0,2,0,0.0,1,0.0,2017.0,10,20,0.0,0.0,0,0,0.0,0.0
2,0,0,2,0,0.0,0,309.0,2018.0,5,13,0.0,0.0,0,0,101.0,0.0
2,0,2,1,2,0.0,0,0.0,2018.0,8,13,0.0,0.0,0,0,115.0,0.0
3,0,2,2,0,0.0,1,159.0,2018.0,8,12,0.0,0.0,0,0,130.05,0.0
2,0,1,3,0,0.0,0,0.0,2018.0,5,2,1.0,0.0,0,0,99.95,0.0
2,0,1,2,0,0.0,0,0.0,2018.0,12,27,0.0,0.0,0,0,75.0,0.0
2,0,0,4,0,0.0,0,0.0,2018.0,7,29,1.0,0.0,0,0,90.95,0.0
1,0,1,2,0,0.0,0,0.0,2017.0,10,5,0.0,0.0,0,0,90.6,0.0
3,0,1,4,0,0.0,1,0.0,2018.0,10,3,0.0,0.0,0,0,152.99,0.0
2,0,0,2,2,0.0,0,0.0,2018.0,10,21,0.0,0.0,0,0,140.0,0.0
2,0,2,5,0,0.0,0,0.0,2018.0,8,13,0.0,0.0,0,0,0.0,0.0
2,0,0,2,0,0.0,0,215.0,2018.0,8,5,1.0,0.0,0,0,0.0,0.0
3,0,0,1,2,0.0,0,0.0,2018.0,11,6,1.0,0.0,0,0,137.7,1.0
1,0,0,2,0,0.0,0,0.0,2017.0,11,10,0.0,0.0,0,0,73.0,0.0
2,0,1,3,0,0.0,0,0.0,2018.0,10,16,0.0,0.0,0,0,100.75,0.0
2,2,0,1,0,0.0,3,0.0,2018.0,5,22,0.0,0.0,0,0,181.0,0.0
2,0,0,0,1,0.0,0,0.0,2018.0,7,7,0.0,0.0,0,0,0.0,0.0
2,0,1,1,0,0.0,0,0.0,2017.0,10,10,0.0,0.0,0,0,70.0,0.0
2,0,1,3,0,0.0,0,0.0,2018.0,5,2,0.0,0.0,0,0,99.45,0.0
2,0,0,3,0,0.0,0,0.0,2018.0,6,28,1.0,0.0,0,0,85.5,0.0
2,0,1,1,0,0.0,0,0.0,2018.0,1,25,0.0,0.0,0,0,58.0,0.0
2,0,2,2,1,0.0,0,0.0,2018.0,8,21,0.0,0.0,0,0,76.93,0.0
2,0,1,3,0,0.0,0,150.0,2018.0,8,2,0.0,0.0,0,0,0.0,0.0
1,0,3,6,0,0.0,0,0.0,2018.0,11,18,1.0,0.0,0,0,74.8,0.0
2,0,0,3,0,0.0,0,0.0,2018.0,5,5,0.0,0.0,0,0,105.3,0.0
2,0,0,3,0,0.0,2,0.0,2018.0,11,2,0.0,0.0,0,0,75.76,0.0
2,1,1,1,0,0.0,0,0.0,2018.0,6,30,0.0,0.0,0,0,159.0,0.0
2,0,0,3,0,0.0,0,0.0,2018.0,10,9,0.0,0.0,0,0,100.3,0.0
0,2,0,1,0,0.0,2,0.0,2018.0,7,16,0.0,0.0,0,0,86.5,0.0
2,0,1,2,0,0.0,0,3.0,2017.0,10,10,0.0,0.0,0,0,0.0,0.0
2,0,1,2,0,0.0,1,0.0,2018.0,4,26,0.0,0.0,0,0,106.2,0.0
2,0,2,2,0,0.0,0,0.0,2017.0,7,4,0.0,0.0,0,0,55.96,0.0
2,0,0,4,0,0.0,0,0.0,2018.0,5,29,0.0,0.0,0,0,76.84,0.0
1,0,0,2,0,0.0,0,0.0,2018.0,1,20,0.0,1.0,0,1,65.0,0.0
2,0,0,1,0,0.0,0,0.0,2018.0,11,5,0.0,0.0,0,0,111.0,0.0
2,0,2,3,0,0.0,1,0.0,2017.0,10,4,0.0,0.0,0,0,123.3,0.0
2,0,1,2,0,0.0,0,0.0,2017.0,10,19,0.0,0.0,0,0,0.0,0.0
2,0,0,4,0,0.0,4,0.0,2018.0,1,5,0.0,0.0,0,0,59.0,0.0
2,0,1,3,1,0.0,0,0.0,2018.0,9,9,1.0,0.0,0,0,125.1,0.0
2,0,0,2,0,0.0,0,0.0,2018.0,4,15,0.0,0.0,0,0,75.0,0.0
2,0,0,2,0,0.0,0,0.0,2018.0,7,12,0.0,0.0,0,0,107.0,0.0
2,1,2,1,0,1.0,0,0.0,2018.0,7,23,0.0,0.0,0,0,0.0,0.0
2,0,1,2,0,0.0,0,168.0,2018.0,4,18,0.0,0.0,0,0,85.0,0.0
2,0,2,3,0,0.0,0,0.0,2017.0,10,15,0.0,0.0,0,0,65.0,0.0
2,0,0,3,2,0.0,0,0.0,2018.0,6,16,1.0,0.0,0,0,90.0,0.0
2,0,2,3,0,0.0,0,0.0,2018.0,2,28,0.0,0.0,0,0,70.0,0.0
2,0,1,0,0,0.0,0,0.0,2018.0,9,10,0.0,0.0,0,0,90.0,0.0
2,0,6,12,0,0.0,0,0.0,2018.0,11,20,1.0,0.0,0,0,93.6,0.0
3,0,2,1,0,0.0,1,0.0,2018.0,8,27,1.0,0.0,0,0,128.7,0.0
2,0,2,5,2,0.0,0,0.0,2018.0,10,24,0.0,0.0,0,0,106.25,0.0
2,0,1,2,2,0.0,0,0.0,2018.0,7,5,0.0,0.0,0,0,102.25,0.0
2,0,2,1,1,0.0,0,0.0,2018.0,7,27,0.0,0.0,0,0,68.69,0.0
2,0,0,4,1,0.0,0,0.0,2018.0,8,11,1.0,0.0,0,0,89.25,0.0
2,0,0,3,0,0.0,0,0.0,2018.0,11,26,0.0,0.0,0,0,78.3,0.0
2,0,2,2,0,0.0,0,0.0,2018.0,10,15,0.0,0.0,0,0,81.25,0.0
3,0,0,3,0,0.0,1,0.0,2018.0,11,4,0.0,0.0,0,0,124.67,0.0
2,0,1,2,0,0.0,0,0.0,2018.0,12,5,0.0,0.0,0,0,75.0,0.0
2,2,1,2,0,0.0,3,0.0,2018.0,12,25,0.0,0.0,0,0,156.6,0.0
2,0,2,1,0,0.0,0,0.0,2018.0,6,26,0.0,0.0,0,0,77.29,0.0
2,2,0,2,0,1.0,2,0.0,2018.0,12,28,0.0,0.0,0,0,0.0,0.0
1,0,0,2,0,0.0,0,0.0,2018.0,9,21,0.0,0.0,0,0,85.67,0.0
2,0,0,4,0,0.0,1,112.0,2018.0,6,2,0.0,0.0,0,0,132.6,0.0
2,1,0,1,0,0.0,0,0.0,2018.0,6,23,0.0,0.0,0,0,97.0,0.0
2,0,2,5,0,0.0,0,0.0,2018.0,7,23,1.0,0.0,0,0,103.09,0.0
3,0,2,6,0,0.0,1,0.0,2017.0,11,27,0.0,0.0,0,0,106.89,0.0
2,0,0,2,0,0.0,1,0.0,2018.0,9,1,0.0,0.0,0,0,123.3,0.0
1,0,0,2,0,0.0,1,0.0,2017.0,11,4,0.0,0.0,0,0,95.0,0.0
2,0,0,1,0,0.0,0,0.0,2017.0,8,22,0.0,0.0,0,0,76.5,0.0
2,0,0,3,0,0.0,0,0.0,2018.0,3,17,0.0,0.0,0,0,80.0,0.0
2,0,2,2,0,0.0,0,0.0,2018.0,4,9,0.0,0.0,0,0,73.46,0.0
2,2,0,2,0,0.0,3,0.0,2017.0,8,26,0.0,0.0,0,0,162.9,0.0
1,0,0,3,0,0.0,0,8.0,2018.0,5,5,0.0,0.0,0,0,112.0,0.0
2,0,0,2,1,0.0,0,0.0,2018.0,7,15,0.0,0.0,0,0,103.5,0.0
2,0,2,5,0,0.0,0,0.0,2018.0,9,12,1.0,0.0,0,0,135.9,0.0
1,0,2,1,0,0.0,0,0.0,2018.0,2,28,0.0,0.0,0,0,1.0,0.0
2,0,1,2,0,0.0,1,199.0,2018.0,11,28,1.0,0.0,0,0,102.85,0.0
2,1,1,2,0,0.0,0,0.0,2018.0,12,30,0.0,0.0,0,0,113.4,0.0
2,0,0,3,0,0.0,1,44.0,2017.0,11,27,0.0,0.0,0,0,60.0,0.0
2,0,2,3,0,0.0,0,0.0,2018.0,10,6,0.0,0.0,0,0,102.85,0.0
1,0,0,2,0,0.0,0,0.0,2018.0,11,14,0.0,0.0,0,0,120.0,0.0
3,0,0,3,0,0.0,1,0.0,2018.0,10,9,0.0,0.0,0,0,151.2,0.0
1,0,0,2,0,0.0,0,0.0,2018.0,10,10,0.0,0.0,0,0,0.0,0.0
2,2,1,2,0,0.0,3,0.0,2018.0,10,7,0.0,0.0,0,0,190.8,0.0
2,0,2,3,0,0.0,0,127.0,2018.0,11,28,0.0,0.0,0,0,90.0,0.0
2,1,1,0,0,1.0,0,0.0,2018.0,7,24,0.0,0.0,0,0,159.0,0.0
2,0,0,3,0,0.0,0,0.0,2018.0,11,8,0.0,0.0,0,0,68.0,0.0
2,0,2,2,0,0.0,0,0.0,2018.0,10,16,0.0,0.0,0,0,80.75,0.0
2,0,0,2,0,0.0,0,0.0,2017.0,8,4,0.0,0.0,0,0,65.0,0.0
1,0,0,1,1,0.0,0,0.0,2018.0,5,27,0.0,0.0,0,0,94.5,0.0
3,0,2,3,0,0.0,1,0.0,2018.0,9,24,0.0,0.0,0,0,162.0,0.0
2,0,0,3,0,0.0,0,0.0,2018.0,11,15,0.0,0.0,0,0,89.0,0.0
2,0,1,3,0,0.0,1,0.0,2018.0,3,21,0.0,0.0,0,0,112.0,0.0
2,0,1,3,0,0.0,1,0.0,2018.0,5,19,0.0,0.0,0,0,132.6,0.0
3,0,1,3,0,0.0,1,0.0,2018.0,12,18,1.0,0.0,0,0,0.0,0.0
2,0,4,10,0,0.0,0,19.0,2017.0,11,2,0.0,0.0,0,0,90.95,0.0
2,0,0,2,0,0.0,0,0.0,2017.0,8,16,0.0,0.0,0,0,0.0,0.0
1,0,2,2,0,0.0,0,0.0,2018.0,11,11,1.0,0.0,0,0,85.0,0.0
3,0,1,2,0,0.0,0,0.0,2018.0,3,25,0.0,0.0,0,0,98.1,0.0
2,0,1,3,0,0.0,1,0.0,2018.0,6,20,0.0,0.0,0,0,90.95,0.0
3,0,0,4,0,0.0,1,0.0,2018.0,8,19,0.0,0.0,0,0,134.45,0.0
1,0,2,4,0,0.0,0,0.0,2018.0,4,29,0.0,0.0,0,0,0.0,0.0
2,0,1,4,0,0.0,1,0.0,2018.0,4,26,0.0,0.0,0,0,101.58,0.0
2,1,0,2,0,0.0,0,0.0,2017.0,8,31,0.0,0.0,0,0,118.5,0.0
2,0,1,4,2,0.0,0,0.0,2017.0,10,5,1.0,0.0,0,0,112.2,0.0
1,0,2,4,1,0.0,0,116.0,2018.0,11,16,0.0,0.0,0,0,79.2,0.0
2,0,0,1,0,0.0,0,0.0,2018.0,2,15,0.0,0.0,0,0,1.0,0.0
2,0,1,3,0,0.0,0,0.0,2018.0,10,27,0.0,0.0,0,0,80.75,0.0
3,0,0,3,0,1.0,1,0.0,2018.0,3,25,1.0,0.0,0,0,192.67,0.0
1,0,0,1,2,0.0,0,0.0,2018.0,8,12,0.0,0.0,0,0,81.0,0.0
1,0,0,4,0,0.0,1,83.0,2018.0,7,28,0.0,0.0,0,0,121.05,0.0
2,0,0,3,0,0.0,0,0.0,2018.0,6,17,0.0,0.0,0,0,70.0,0.0
1,0,0,4,0,0.0,0,0.0,2018.0,2,23,0.0,0.0,0,0,0.0,0.0
3,0,0,1,0,0.0,1,0.0,2018.0,9,10,0.0,0.0,0,0,168.3,0.0
2,0,2,2,0,0.0,0,120.0,2018.0,3,27,0.0,0.0,0,0,84.15,0.0
2,0,1,3,0,0.0,0,0.0,2018.0,10,4,1.0,0.0,0,0,118.8,0.0
2,0,2,5,0,0.0,0,0.0,2018.0,7,9,0.0,0.0,0,0,72.25,0.0
2,0,0,3,1,0.0,0,0.0,2018.0,12,1,0.0,0.0,0,0,79.5,0.0
2,0,2,2,1,0.0,0,0.0,2018.0,8,20,0.0,0.0,0,0,70.04,0.0
2,0,2,1,2,0.0,0,0.0,2017.0,7,24,0.0,0.0,0,0,94.5,0.0
2,0,1,1,0,1.0,1,0.0,2018.0,10,28,0.0,0.0,0,0,126.0,0.0
2,0,2,5,1,0.0,0,0.0,2018.0,7,16,1.0,0.0,0,0,89.25,0.0
2,0,1,3,0,0.0,0,0.0,2018.0,1,19,0.0,0.0,0,0,0.0,0.0
1,0,0,3,0,0.0,0,0.0,2018.0,5,31,1.0,0.0,0,0,0.0,0.0
2,0,0,5,0,0.0,1,0.0,2018.0,8,9,0.0,0.0,0,0,130.05,0.0
2,0,2,4,0,0.0,0,0.0,2017.0,9,30,0.0,0.0,0,0,111.96,0.0
2,0,1,4,0,0.0,0,275.0,2018.0,9,5,0.0,0.0,0,0,90.0,0.0
2,1,2,3,2,0.0,0,0.0,2018.0,8,22,1.0,0.0,0,0,171.45,0.0
3,0,2,1,0,0.0,1,1.0,2018.0,4,13,0.0,0.0,0,0,130.33,0.0
2,0,1,0,0,0.0,0,0.0,2017.0,8,10,0.0,0.0,0,0,76.5,0.0
2,2,1,4,0,0.0,3,0.0,2017.0,2,11,0.0,0.0,0,0,171.26,0.0
2,0,2,2,0,0.0,0,0.0,2018.0,2,27,1.0,0.0,0,0,86.0,0.0
2,0,0,2,0,0.0,0,0.0,2018.0,10,13,0.0,0.0,0,0,90.0,0.0
2,0,1,1,0,0.0,0,0.0,2018.0,5,7,1.0,0.0,0,0,105.3,0.0
2,0,1,2,0,0.0,0,0.0,2018.0,8,22,0.0,0.0,0,0,128.7,0.0
2,0,2,1,0,0.0,0,221.0,2017.0,10,17,0.0,0.0,0,0,65.0,0.0
2,0,0,4,0,0.0,1,53.0,2018.0,11,2,0.0,0.0,0,0,103.7,0.0
2,0,1,2,0,0.0,3,0.0,2018.0,2,15,0.0,0.0,0,0,75.15,0.0
1,0,2,4,0,0.0,1,0.0,2018.0,9,12,3.0,0.0,0,0,110.0,0.0
1,0,0,2,2,0.0,0,0.0,2017.0,12,10,0.0,0.0,0,0,80.0,0.0
2,0,2,5,1,0.0,0,0.0,2018.0,4,26,1.0,0.0,0,0,87.04,0.0
2,0,1,3,0,0.0,0,0.0,2018.0,3,24,0.0,0.0,0,0,0.0,0.0
2,0,2,6,1,0.0,0,0.0,2018.0,8,1,0.0,0.0,0,0,92.29,0.0
2,0,1,3,0,0.0,1,92.0,2018.0,7,7,1.0,0.0,0,0,118.8,0.0
2,0,0,2,0,0.0,0,0.0,2018.0,3,2,0.0,0.0,0,0,55.74,0.0
2,0,0,2,0,0.0,0,0.0,2017.0,9,30,0.0,0.0,0,0,71.4,0.0
2,0,2,1,0,0.0,2,0.0,2018.0,11,23,1.0,0.0,0,0,78.55,0.0
1,0,0,1,0,0.0,0,0.0,2018.0,9,29,1.0,0.0,0,0,115.5,0.0
2,0,0,2,0,0.0,0,0.0,2018.0,11,20,2.0,1.0,0,10,40.0,0.0
3,0,0,4,0,0.0,1,0.0,2018.0,8,19,1.0,0.0,0,0,107.1,0.0
2,0,1,3,0,0.0,1,0.0,2017.0,10,6,0.0,0.0,0,0,75.0,0.0
1,0,2,2,0,0.0,1,0.0,2018.0,5,28,1.0,0.0,0,0,140.4,0.0
2,0,2,1,0,0.0,0,0.0,2017.0,12,27,0.0,0.0,0,0,65.0,0.0
1,0,0,2,0,0.0,0,0.0,2017.0,9,16,2.0,0.0,0,0,85.5,0.0
2,0,0,2,0,0.0,0,0.0,2018.0,5,12,1.0,0.0,0,0,105.3,0.0
2,0,2,3,0,0.0,0,0.0,2018.0,10,30,1.0,0.0,0,0,0.0,0.0
2,0,1,3,0,0.0,0,0.0,2017.0,6,26,0.0,0.0,0,0,105.9,0.0
1,0,2,1,0,0.0,0,0.0,2018.0,10,1,0.0,0.0,0,0,106.2,0.0
2,0,1,2,0,0.0,0,0.0,2017.0,10,9,0.0,0.0,0,0,90.0,0.0
1,0,2,5,0,0.0,1,0.0,2017.0,6,16,0.0,0.0,0,0,149.4,0.0
2,0,0,2,0,0.0,0,0.0,2018.0,8,8,0.0,0.0,0,0,171.0,0.0
1,0,0,1,2,0.0,0,0.0,2018.0,7,16,0.0,0.0,0,0,91.0,0.0
2,1,0,2,0,0.0,0,0.0,2018.0,7,27,1.0,0.0,0,0,112.5,0.0
2,1,1,1,1,0.0,0,0.0,2017.0,9,21,0.0,0.0,0,0,112.72,0.0
2,0,1,2,0,0.0,0,0.0,2018.0,9,28,0.0,0.0,0,0,101.52,0.0
1,0,0,1,0,0.0,0,0.0,2018.0,12,3,0.0,1.0,0,2,79.0,0.0
2,0,1,3,0,0.0,0,0.0,2018.0,6,20,0.0,0.0,0,0,85.5,0.0
1,0,2,2,0,0.0,0,0.0,2018.0,10,16,0.0,0.0,0,0,115.0,0.0
2,0,0,2,1,0.0,0,0.0,2018.0,6,15,1.0,0.0,0,0,94.5,0.0
2,0,0,3,0,0.0,0,0.0,2017.0,10,12,0.0,0.0,0,0,110.0,0.0
2,0,0,2,0,0.0,0,0.0,2018.0,9,8,0.0,0.0,0,0,125.1,0.0
2,0,2,3,0,0.0,1,0.0,2018.0,9,29,0.0,0.0,0,0,0.0,0.0
2,0,2,5,0,0.0,1,0.0,2018.0,9,4,0.0,0.0,0,0,114.04,0.0
2,0,2,1,0,0.0,1,0.0,2018.0,8,1,0.0,0.0,0,0,106.0,0.0
2,0,2,2,0,0.0,1,0.0,2017.0,11,27,0.0,0.0,0,0,60.0,0.0
3,0,1,0,0,0.0,1,65.0,2018.0,6,26,1.0,0.0,0,0,137.7,0.0
2,0,2,5,0,0.0,1,0.0,2018.0,7,18,0.0,0.0,0,0,114.63,0.0
2,0,0,5,1,0.0,0,0.0,2018.0,12,6,1.0,0.0,0,0,70.55,0.0
2,0,0,2,0,0.0,0,0.0,2017.0,10,15,0.0,0.0,0,0,130.0,0.0
1,0,0,2,0,0.0,0,0.0,2018.0,5,17,2.0,1.0,0,3,110.0,0.0
2,0,0,1,0,0.0,2,0.0,2017.0,12,29,0.0,0.0,0,0,129.0,0.0
2,0,1,3,0,0.0,1,0.0,2018.0,9,8,1.0,0.0,0,0,149.4,0.0
2,0,1,3,2,0.0,0,0.0,2018.0,3,10,0.0,0.0,0,0,130.05,0.0
2,0,0,2,0,0.0,0,0.0,2017.0,8,18,0.0,0.0,0,0,75.0,0.0
2,0,2,4,1,0.0,0,0.0,2017.0,12,5,1.0,0.0,0,0,0.0,0.0
2,0,2,0,0,0.0,0,0.0,2018.0,10,23,0.0,0.0,0,0,90.0,0.0
2,0,0,4,0,0.0,0,0.0,2018.0,9,7,0.0,0.0,0,0,119.85,0.0
2,0,2,4,0,0.0,1,0.0,2018.0,5,3,1.0,0.0,0,0,132.6,0.0
2,1,1,1,0,0.0,0,0.0,2018.0,6,10,0.0,0.0,0,0,0.0,0.0
3,0,1,3,0,0.0,0,0.0,2018.0,10,10,0.0,0.0,0,0,118.8,0.0
2,0,0,4,0,0.0,1,77.0,2018.0,12,28,0.0,0.0,0,0,125.8,0.0
1,0,0,3,0,0.0,1,0.0,2018.0,5,15,0.0,0.0,0,0,120.12,1.0
2,0,0,2,0,0.0,0,0.0,2018.0,11,3,0.0,0.0,0,0,105.0,0.0
2,0,2,1,0,0.0,0,0.0,2018.0,8,28,0.0,0.0,0,0,72.25,0.0
2,0,1,3,2,0.0,1,88.0,2017.0,10,5,0.0,0.0,0,0,112.2,0.0
2,0,0,0,0,0.0,0,0.0,2018.0,11,17,1.0,0.0,0,0,0.0,0.0
2,0,2,2,0,0.0,0,0.0,2018.0,5,29,0.0,0.0,0,0,80.75,0.0
3,0,2,0,0,0.0,1,0.0,2018.0,10,25,0.0,0.0,0,0,123.3,0.0
2,0,0,1,1,0.0,0,0.0,2018.0,7,20,1.0,0.0,0,0,94.5,0.0
2,0,0,2,1,0.0,0,0.0,2018.0,3,9,1.0,0.0,0,0,51.97,0.0
2,0,2,3,0,0.0,0,0.0,2017.0,10,25,0.0,0.0,0,0,89.25,0.0
2,0,0,2,0,0.0,0,0.0,2018.0,9,10,0.0,0.0,0,0,120.0,0.0
2,0,0,2,2,0.0,0,0.0,2018.0,4,6,0.0,0.0,0,0,104.0,0.0
2,0,0,5,0,0.0,0,0.0,2018.0,8,23,1.0,0.0,0,0,99.45,0.0
1,0,2,8,0,0.0,0,0.0,2018.0,9,25,0.0,0.0,0,0,0.0,0.0
1,0,0,2,0,0.0,0,0.0,2018.0,9,16,0.0,0.0,0,0,75.0,0.0
2,1,0,1,0,0.0,0,0.0,2018.0,8,27,0.0,0.0,0,0,169.0,0.0
2,0,1,3,0,0.0,0,0.0,2017.0,8,22,0.0,0.0,0,0,90.95,0.0
2,0,1,1,0,0.0,0,0.0,2018.0,7,1,1.0,0.0,0,0,105.3,1.0
2,0,0,1,0,0.0,0,0.0,2018.0,3,17,0.0,0.0,0,0,75.0,0.0
3,0,1,2,0,1.0,1,0.0,2018.0,2,12,0.0,0.0,0,0,139.0,0.0
2,0,1,2,0,0.0,0,0.0,2018.0,9,14,0.0,0.0,0,0,126.9,0.0
2,0,2,4,0,0.0,2,0.0,2018.0,5,22,0.0,0.0,0,0,112.01,0.0
2,0,0,3,1,1.0,0,0.0,2018.0,7,7,1.0,0.0,0,0,103.5,0.0
2,0,1,3,0,0.0,0,0.0,2018.0,5,30,0.0,0.0,0,0,80.75,0.0
2,0,0,3,0,0.0,0,0.0,2018.0,5,12,1.0,0.0,0,0,105.3,0.0
2,1,0,4,0,0.0,0,0.0,2018.0,5,7,0.0,0.0,0,0,135.15,0.0
1,0,1,2,0,0.0,0,0.0,2017.0,10,15,0.0,0.0,0,0,100.0,0.0
2,1,1,0,0,0.0,0,0.0,2018.0,8,29,1.0,0.0,0,0,107.03,0.0
2,0,0,3,0,0.0,1,0.0,2018.0,6,17,0.0,0.0,0,0,95.88,0.0
3,0,1,1,0,0.0,1,0.0,2018.0,7,15,0.0,0.0,0,0,159.3,0.0
2,0,1,5,0,0.0,1,0.0,2017.0,9,28,1.0,0.0,0,0,162.4,0.0
1,0,2,4,0,0.0,0,0.0,2018.0,4,14,0.0,0.0,0,0,135.15,0.0
2,0,1,2,1,0.0,0,0.0,2018.0,3,11,1.0,0.0,0,0,62.18,0.0
2,0,0,3,0,0.0,0,0.0,2017.0,9,20,1.0,0.0,0,0,95.6,0.0
2,0,0,1,0,0.0,2,0.0,2018.0,7,7,1.0,0.0,0,0,0.0,0.0
1,0,1,0,0,0.0,1,0.0,2018.0,11,20,0.0,0.0,0,0,106.0,0.0
2,1,1,2,0,0.0,0,0.0,2018.0,4,25,0.0,0.0,0,0,115.03,0.0
2,0,1,1,0,0.0,0,0.0,2018.0,9,6,0.0,0.0,0,0,118.0,0.0
1,0,0,3,0,0.0,0,0.0,2018.0,5,8,2.0,0.0,0,0,90.0,0.0
2,2,1,2,0,0.0,3,0.0,2018.0,5,14,1.0,0.0,0,0,198.9,0.0
2,0,2,1,1,0.0,0,0.0,2018.0,7,8,0.0,0.0,0,0,94.5,0.0
2,0,0,1,2,0.0,0,0.0,2017.0,8,29,0.0,0.0,0,0,94.5,0.0
2,0,2,5,0,0.0,0,0.0,2018.0,7,11,0.0,0.0,0,0,78.76,0.0
2,0,2,3,0,0.0,0,0.0,2018.0,3,30,0.0,0.0,0,0,59.5,0.0
1,0,5,10,0,0.0,0,0.0,2018.0,4,21,0.0,0.0,0,0,0.0,0.0
2,0,2,5,0,0.0,0,0.0,2018.0,10,22,0.0,0.0,0,0,108.68,0.0
3,0,1,3,0,0.0,1,144.0,2018.0,5,5,1.0,0.0,0,0,150.45,0.0
2,0,2,6,0,0.0,1,0.0,2018.0,3,16,1.0,0.0,0,0,82.45,0.0
3,0,0,2,0,0.0,1,0.0,2018.0,2,5,0.0,0.0,0,0,130.0,0.0
2,0,0,3,0,0.0,0,0.0,2017.0,9,24,0.0,0.0,0,0,105.0,0.0
2,0,1,2,0,0.0,1,0.0,2018.0,10,22,1.0,0.0,0,0,109.8,0.0
2,0,2,2,1,0.0,0,0.0,2018.0,7,28,0.0,0.0,0,0,80.75,0.0
2,0,0,2,0,0.0,1,0.0,2018.0,10,2,0.0,0.0,0,0,158.4,0.0
1,0,0,1,0,0.0,0,0.0,2018.0,4,13,0.0,1.0,0,7,104.0,0.0
2,0,1,2,0,0.0,0,0.0,2018.0,8,2,0.0,0.0,0,0,114.9,0.0
2,0,2,1,0,0.0,0,0.0,2018.0,4,9,0.0,0.0,0,0,0.0,0.0
2,0,2,3,0,0.0,4,0.0,2018.0,8,28,1.0,0.0,0,0,123.84,0.0
2,0,2,1,0,0.0,1,0.0,2018.0,8,26,1.0,0.0,0,0,166.0,0.0
1,0,2,1,0,1.0,1,0.0,2018.0,2,20,0.0,0.0,0,0,106.0,0.0
3,0,2,1,0,0.0,1,0.0,2018.0,2,14,0.0,0.0,0,0,127.0,0.0
2,0,2,1,0,0.0,0,0.0,2018.0,7,24,0.0,0.0,0,0,105.3,0.0
2,0,2,3,1,0.0,0,0.0,2018.0,6,26,0.0,0.0,0,0,0.0,0.0
2,0,1,3,0,0.0,0,0.0,2017.0,10,10,1.0,0.0,0,0,89.25,0.0
2,0,1,2,0,0.0,0,0.0,2018.0,11,19,1.0,0.0,0,0,90.0,0.0
2,0,0,2,0,0.0,0,0.0,2018.0,11,18,0.0,0.0,0,0,52.0,0.0
2,0,2,5,0,0.0,0,0.0,2018.0,2,28,0.0,0.0,0,0,60.0,0.0
2,0,0,1,1,0.0,0,0.0,2018.0,9,30,1.0,0.0,0,0,0.0,0.0
3,0,2,1,0,0.0,1,0.0,2018.0,10,17,1.0,0.0,0,0,177.0,0.0
2,0,2,1,0,0.0,0,0.0,2018.0,2,13,0.0,0.0,0,0,60.0,0.0
1,0,1,0,0,0.0,0,0.0,2018.0,6,22,2.0,1.0,0,6,65.0,0.0
2,0,2,2,0,0.0,0,141.0,2018.0,9,18,0.0,0.0,0,0,135.15,0.0
2,2,2,1,0,0.0,3,0.0,2018.0,8,26,0.0,0.0,0,0,143.07,0.0
2,0,0,1,0,0.0,0,0.0,2017.0,10,30,0.0,0.0,0,0,75.0,0.0
3,0,1,1,0,0.0,1,0.0,2018.0,2,8,0.0,0.0,0,0,98.94,0.0
2,0,0,2,1,0.0,0,0.0,2018.0,11,27,1.0,0.0,0,0,79.2,0.0
2,0,1,5,0,0.0,0,0.0,2018.0,7,5,1.0,0.0,0,0,92.94,0.0
2,0,2,3,0,0.0,0,0.0,2018.0,7,28,1.0,0.0,0,0,90.95,0.0
2,0,2,2,0,0.0,0,0.0,2018.0,5,23,0.0,0.0,0,0,0.0,0.0
2,0,2,5,1,0.0,0,0.0,2018.0,6,9,0.0,0.0,0,0,95.69,0.0
2,1,0,3,0,0.0,0,0.0,2018.0,8,2,1.0,0.0,0,0,134.1,0.0
2,0,1,3,2,0.0,0,0.0,2017.0,12,1,0.0,0.0,0,0,122.19,0.0
2,0,0,4,0,0.0,1,0.0,2018.0,7,23,0.0,0.0,0,0,121.8,0.0
2,0,0,2,2,0.0,0,0.0,2018.0,7,1,0.0,0.0,0,0,101.5,0.0
2,0,1,5,0,0.0,1,109.0,2018.0,11,21,1.0,0.0,0,0,97.75,0.0
2,1,0,1,0,0.0,0,0.0,2018.0,10,16,1.0,0.0,0,0,112.5,0.0
2,0,1,1,1,0.0,0,0.0,2018.0,8,13,1.0,0.0,0,0,94.5,0.0
1,2,0,1,0,0.0,5,0.0,2018.0,9,25,1.0,0.0,0,0,211.41,0.0
2,0,2,2,0,0.0,0,0.0,2018.0,8,29,0.0,0.0,0,0,0.0,0.0
2,0,1,1,2,0.0,0,0.0,2018.0,5,4,1.0,0.0,0,0,133.95,0.0
2,0,0,3,0,0.0,0,0.0,2018.0,5,27,0.0,0.0,0,0,144.0,0.0
2,0,0,3,1,0.0,0,0.0,2018.0,6,30,0.0,0.0,0,0,103.5,0.0
1,0,3,5,0,0.0,0,0.0,2018.0,5,24,2.0,0.0,0,0,110.0,0.0
3,0,0,1,0,0.0,0,0.0,2017.0,12,31,0.0,0.0,0,0,0.0,0.0
2,0,0,2,0,0.0,0,0.0,2018.0,4,6,0.0,0.0,0,0,75.0,0.0
2,2,1,2,0,0.0,3,0.0,2018.0,8,14,1.0,0.0,0,0,207.9,0.0
2,0,1,0,0,0.0,0,0.0,2018.0,10,30,0.0,0.0,0,0,90.0,0.0
2,0,2,3,0,0.0,0,0.0,2018.0,9,21,0.0,0.0,0,0,78.0,0.0
2,0,2,5,0,0.0,1,0.0,2018.0,9,19,0.0,0.0,0,0,149.4,0.0
2,1,1,0,0,0.0,0,0.0,2018.0,8,11,1.0,0.0,0,0,121.5,0.0
2,0,1,4,0,0.0,0,0.0,2017.0,10,19,0.0,0.0,0,0,67.0,0.0
3,0,2,5,0,0.0,1,0.0,2018.0,7,28,0.0,0.0,0,0,131.47,0.0
2,0,1,3,0,0.0,0,0.0,2018.0,4,18,0.0,0.0,0,0,87.3,0.0
2,0,0,4,0,0.0,1,0.0,2018.0,5,13,0.0,0.0,0,0,0.0,0.0
2,0,1,2,0,0.0,0,0.0,2018.0,10,15,0.0,0.0,0,0,85.0,0.0
2,0,0,1,0,0.0,0,0.0,2018.0,8,3,1.0,0.0,0,0,96.3,0.0
3,0,1,3,0,0.0,1,0.0,2018.0,9,1,0.0,0.0,0,0,142.2,0.0
2,0,1,0,0,0.0,1,0.0,2018.0,10,9,1.0,0.0,0,0,151.2,0.0
2,0,2,2,0,0.0,0,0.0,2018.0,9,30,0.0,0.0,0,0,119.7,0.0
2,0,2,1,0,0.0,0,0.0,2018.0,6,12,0.0,0.0,0,0,80.75,0.0
2,0,0,1,0,0.0,0,0.0,2018.0,2,19,0.0,0.0,0,0,90.0,0.0
1,0,2,3,0,0.0,0,0.0,2018.0,2,28,0.0,0.0,0,0,95.0,0.0
1,0,0,3,0,0.0,0,0.0,2017.0,5,5,0.0,0.0,0,0,112.0,0.0
2,0,0,2,0,0.0,0,0.0,2018.0,9,30,0.0,0.0,0,0,95.0,0.0
2,0,2,7,1,0.0,0,0.0,2018.0,7,2,0.0,0.0,0,0,90.1,0.0
2,0,2,3,0,0.0,0,0.0,2017.0,10,21,1.0,0.0,0,0,0.0,0.0
2,0,0,3,0,0.0,0,0.0,2018.0,5,18,0.0,0.0,0,0,0.0,0.0
2,0,2,2,0,0.0,0,0.0,2018.0,7,30,0.0,0.0,0,0,105.83,0.0
2,2,0,1,0,1.0,3,0.0,2018.0,8,2,0.0,0.0,0,0,240.0,0.0
2,0,0,3,0,0.0,0,0.0,2018.0,5,24,0.0,0.0,0,0,80.0,0.0
2,0,0,2,2,0.0,0,0.0,2017.0,6,3,1.0,0.0,0,0,169.0,0.0
3,0,1,0,0,0.0,1,0.0,2018.0,7,11,0.0,0.0,0,0,0.0,0.0
2,0,0,2,2,0.0,0,0.0,2018.0,8,18,0.0,0.0,0,0,115.0,0.0
2,0,2,2,0,0.0,0,0.0,2018.0,5,20,1.0,0.0,0,0,100.0,0.0
2,0,2,3,0,0.0,0,0.0,2018.0,6,26,0.0,0.0,0,0,68.0,0.0
1,0,1,3,0,0.0,1,0.0,2018.0,10,28,3.0,0.0,0,0,110.0,0.0
2,0,0,2,0,0.0,0,0.0,2017.0,9,9,0.0,0.0,0,0,120.0,0.0
1,0,2,2,0,0.0,0,0.0,2018.0,12,19,0.0,1.0,0,6,65.0,0.0
1,0,1,1,0,0.0,0,0.0,2018.0,11,18,2.0,0.0,0,0,65.0,0.0
1,0,0,3,0,0.0,0,0.0,2018.0,6,24,0.0,0.0,0,0,130.0,0.0
2,0,0,1,0,0.0,0,0.0,2017.0,11,12,1.0,0.0,0,0,72.25,0.0
3,0,1,2,0,0.0,1,0.0,2018.0,8,22,0.0,0.0,0,0,202.5,0.0
1,0,1,2,0,0.0,0,0.0,2017.0,11,19,0.0,0.0,0,0,65.0,0.0
2,0,1,2,1,0.0,0,0.0,2017.0,12,30,0.0,0.0,0,0,120.0,0.0
2,2,2,6,0,0.0,3,0.0,2018.0,7,1,0.0,0.0,0,0,187.0,0.0
2,0,2,2,0,0.0,0,0.0,2017.0,11,1,0.0,0.0,0,0,68.0,0.0
1,0,0,1,2,0.0,0,0.0,2018.0,8,12,0.0,0.0,0,0,88.0,0.0
2,0,0,3,0,0.0,0,0.0,2018.0,7,16,1.0,0.0,0,0,71.6,0.0
2,0,0,2,2,0.0,0,0.0,2017.0,8,20,0.0,0.0,0,0,109.0,0.0
2,0,2,3,0,0.0,0,0.0,2018.0,8,20,0.0,0.0,0,0,72.25,0.0
3,0,2,2,0,0.0,0,0.0,2018.0,7,10,0.0,0.0,0,0,96.9,0.0
2,0,0,2,0,0.0,0,0.0,2017.0,8,18,0.0,0.0,0,0,0.0,0.0
2,0,1,3,0,0.0,0,0.0,2018.0,11,7,0.0,0.0,0,0,171.9,0.0
1,0,0,1,0,0.0,0,0.0,2018.0,4,3,1.0,0.0,0,0,85.5,0.0
2,0,2,5,0,0.0,1,0.0,2018.0,8,13,0.0,0.0,0,0,114.75,0.0
2,0,1,2,0,0.0,1,120.0,2018.0,4,25,0.0,0.0,0,0,95.2,0.0
2,0,0,3,0,0.0,0,0.0,2018.0,11,24,0.0,0.0,0,0,75.0,0.0
2,0,2,5,0,0.0,1,0.0,2018.0,12,27,0.0,0.0,0,0,90.53,0.0
2,0,2,1,0,0.0,0,0.0,2018.0,3,8,0.0,0.0,0,0,62.2,0.0
3,0,0,2,0,0.0,1,0.0,2018.0,6,3,1.0,0.0,0,0,156.0,0.0
2,0,0,2,0,0.0,0,0.0,2018.0,5,17,1.0,0.0,0,0,126.9,0.0
2,0,1,3,0,0.0,0,0.0,2018.0,9,25,0.0,0.0,0,0,100.0,0.0
2,1,0,2,0,0.0,1,0.0,2018.0,9,23,0.0,0.0,0,0,99.48,0.0
2,0,2,1,1,0.0,0,0.0,2018.0,11,20,1.0,0.0,0,0,79.2,0.0
2,0,2,2,0,0.0,0,0.0,2018.0,2,28,0.0,0.0,0,0,63.58,0.0
4,0,0,2,0,0.0,5,0.0,2018.0,8,28,0.0,0.0,0,0,0.0,0.0
2,0,0,1,0,0.0,0,0.0,2018.0,8,14,0.0,0.0,0,0,120.0,0.0
2,1,0,3,0,0.0,1,0.0,2018.0,8,12,0.0,0.0,0,0,121.5,0.0
2,1,2,4,0,0.0,0,0.0,2018.0,9,18,0.0,0.0,0,0,91.12,0.0
2,0,1,1,0,0.0,0,0.0,2017.0,7,15,0.0,0.0,0,0,76.5,0.0
2,0,0,2,0,0.0,0,11.0,2017.0,10,4,0.0,0.0,0,0,83.0,0.0
3,0,0,1,0,0.0,1,0.0,2018.0,7,28,0.0,0.0,0,0,123.3,0.0
3,0,0,3,0,0.0,0,0.0,2018.0,4,21,0.0,0.0,0,0,105.4,0.0
1,0,1,2,0,0.0,0,0.0,2018.0,2,12,0.0,0.0,0,0,79.0,0.0
1,0,2,2,2,0.0,0,0.0,2017.0,9,25,0.0,0.0,0,0,58.0,0.0
2,0,2,2,0,0.0,1,71.0,2018.0,5,1,1.0,0.0,0,0,132.6,2.0
2,0,0,2,1,0.0,0,0.0,2018.0,10,21,1.0,0.0,0,0,116.1,0.0
2,0,1,1,1,0.0,0,0.0,2018.0,12,29,1.0,0.0,0,0,0.0,0.0
2,0,1,1,2,0.0,0,0.0,2018.0,9,21,0.0,0.0,0,0,183.15,0.0
2,0,0,3,0,0.0,0,0.0,2017.0,9,23,0.0,0.0,0,0,224.67,0.0
2,0,2,2,0,0.0,1,0.0,2018.0,3,8,1.0,0.0,0,0,87.3,0.0
3,0,1,2,0,0.0,1,0.0,2018.0,12,29,1.0,0.0,0,0,140.0,0.0
1,0,0,1,0,0.0,0,0.0,2018.0,2,19,0.0,1.0,0,4,65.0,0.0
1,0,2,1,0,0.0,0,0.0,2018.0,10,9,0.0,0.0,0,0,118.8,0.0
2,0,2,1,0,0.0,0,0.0,2018.0,9,3,1.0,0.0,0,0,135.9,0.0
1,0,1,2,0,0.0,1,0.0,2018.0,11,6,1.0,0.0,0,0,0.0,0.0
3,0,1,1,0,0.0,1,0.0,2018.0,8,1,1.0,0.0,0,0,0.0,0.0
2,0,1,0,1,0.0,0,0.0,2018.0,10,19,1.0,0.0,0,0,108.0,0.0
2,0,0,2,0,0.0,0,0.0,2017.0,11,13,0.0,0.0,0,0,0.0,0.0
1,0,0,3,0,0.0,0,0.0,2017.0,12,1,2.0,1.0,0,1,80.0,0.0
2,0,1,2,0,0.0,1,0.0,2018.0,10,3,1.0,0.0,0,0,0.0,0.0
2,0,1,2,0,0.0,0,0.0,2018.0,9,26,0.0,0.0,0,0,100.0,0.0
1,0,0,2,0,0.0,0,0.0,2018.0,9,28,0.0,0.0,0,0,185.0,0.0
2,0,2,5,0,0.0,1,0.0,2018.0,8,16,0.0,0.0,0,0,119.69,0.0
2,0,1,3,0,0.0,0,0.0,2018.0,6,24,0.0,0.0,0,0,90.0,0.0
3,0,0,3,0,0.0,1,0.0,2018.0,10,17,1.0,0.0,0,0,128.7,0.0
2,0,2,5,0,0.0,1,0.0,2018.0,12,30,0.0,0.0,0,0,120.36,0.0
3,0,2,1,0,0.0,0,0.0,2018.0,2,13,0.0,0.0,0,0,115.0,0.0
3,0,0,1,0,0.0,1,0.0,2018.0,7,13,0.0,0.0,0,0,137.7,0.0
2,0,0,3,0,0.0,0,0.0,2017.0,12,27,0.0,0.0,0,0,65.0,0.0
1,0,0,2,0,0.0,4,0.0,2018.0,9,29,2.0,0.0,0,0,170.63,0.0
2,0,1,4,0,0.0,1,0.0,2018.0,3,30,0.0,0.0,0,0,49.5,0.0
1,0,1,0,0,0.0,1,0.0,2018.0,8,12,0.0,0.0,0,0,127.0,0.0
2,0,0,2,0,0.0,1,0.0,2018.0,9,15,0.0,0.0,0,0,149.4,0.0
2,0,0,4,0,0.0,1,0.0,2018.0,7,26,0.0,0.0,0,0,0.0,0.0
2,0,1,2,0,0.0,0,0.0,2017.0,9,30,0.0,0.0,0,0,108.0,0.0
2,0,0,3,2,0.0,0,0.0,2017.0,9,30,0.0,0.0,0,0,0.0,0.0
2,0,1,5,0,0.0,0,0.0,2018.0,8,8,0.0,0.0,0,0,72.25,0.0
2,0,1,2,0,0.0,1,0.0,2018.0,9,5,0.0,0.0,0,0,154.0,0.0
2,1,0,1,0,0.0,0,0.0,2018.0,7,27,0.0,0.0,0,0,112.5,0.0
2,0,2,3,0,0.0,0,0.0,2018.0,4,17,1.0,0.0,0,0,75.0,0.0
2,0,2,2,0,0.0,0,0.0,2017.0,9,12,0.0,0.0,0,0,71.4,0.0
1,0,3,6,0,0.0,0,0.0,2017.0,12,5,0.0,0.0,0,0,66.88,0.0
1,0,1,0,0,0.0,0,0.0,2018.0,10,16,0.0,0.0,0,0,115.0,0.0
3,0,2,3,0,0.0,0,0.0,2018.0,7,24,0.0,0.0,0,0,96.9,0.0
2,0,0,1,0,0.0,1,0.0,2018.0,4,2,1.0,0.0,0,0,0.0,0.0
2,1,0,4,0,0.0,0,181.0,2018.0,8,3,0.0,0.0,0,0,129.7,0.0
2,0,0,4,0,0.0,0,0.0,2018.0,7,13,0.0,0.0,0,0,72.25,0.0
2,0,1,2,0,0.0,0,0.0,2018.0,8,21,0.0,0.0,0,0,132.0,0.0
2,0,3,8,0,0.0,0,0.0,2017.0,12,12,0.0,0.0,0,0,107.92,0.0
2,0,2,0,0,1.0,1,0.0,2018.0,3,20,0.0,0.0,0,0,115.2,0.0
2,2,0,1,0,0.0,3,0.0,2018.0,7,11,0.0,0.0,0,0,0.0,0.0
2,0,2,3,0,0.0,0,0.0,2018.0,4,30,0.0,0.0,0,0,90.95,0.0
3,0,1,3,0,0.0,1,0.0,2018.0,8,29,1.0,0.0,0,0,0.0,0.0
2,0,2,1,0,0.0,0,0.0,2017.0,9,17,0.0,0.0,0,0,46.54,0.0
2,0,2,2,0,0.0,1,0.0,2018.0,10,30,0.0,0.0,0,0,99.96,0.0
2,2,0,2,0,0.0,3,0.0,2017.0,4,13,0.0,0.0,0,0,177.3,0.0
2,0,1,3,0,0.0,1,0.0,2018.0,4,30,1.0,0.0,0,0,166.0,0.0
2,0,0,3,0,0.0,0,0.0,2018.0,3,17,0.0,0.0,0,0,97.0,0.0
2,1,2,1,0,0.0,0,0.0,2018.0,2,5,1.0,0.0,0,0,111.0,0.0
1,0,2,1,2,0.0,0,1.0,2018.0,8,28,0.0,0.0,0,0,87.0,0.0
2,0,2,4,0,0.0,1,0.0,2017.0,10,30,0.0,0.0,0,0,67.5,0.0
2,0,0,2,1,0.0,0,0.0,2018.0,6,10,1.0,0.0,0,0,0.0,0.0
1,0,0,3,0,0.0,0,0.0,2018.0,9,15,0.0,0.0,0,0,95.67,0.0
1,0,0,3,0,0.0,0,0.0,2018.0,1,20,0.0,0.0,0,0,71.0,0.0
2,1,0,1,0,0.0,0,0.0,2018.0,9,3,0.0,0.0,0,0,159.0,0.0
1,0,0,2,0,0.0,0,0.0,2017.0,9,9,0.0,0.0,0,0,0.0,0.0
2,0,2,3,0,0.0,0,277.0,2017.0,9,6,0.0,0.0,0,0,100.3,0.0
3,0,0,2,0,0.0,1,0.0,2018.0,7,28,1.0,0.0,0,0,137.7,0.0
2,1,0,3,0,0.0,1,0.0,2018.0,7,10,0.0,0.0,0,0,123.3,0.0
2,0,2,1,0,0.0,0,0.0,2018.0,4,3,0.0,0.0,0,0,93.3,0.0
2,1,2,1,0,0.0,1,0.0,2017.0,12,26,0.0,0.0,0,0,60.0,0.0
3,0,2,3,0,0.0,1,0.0,2018.0,4,17,0.0,0.0,0,0,143.99,0.0
1,1,0,1,0,0.0,0,0.0,2018.0,10,31,0.0,0.0,0,0,78.99,0.0
1,0,0,3,2,0.0,0,83.0,2017.0,9,30,0.0,0.0,0,0,112.2,0.0
2,1,2,5,0,0.0,0,145.0,2018.0,6,28,0.0,0.0,0,0,106.71,0.0
2,0,0,3,0,0.0,0,0.0,2017.0,3,1,0.0,0.0,0,0,60.0,0.0
1,0,1,1,0,0.0,1,0.0,2018.0,9,21,0.0,1.0,0,1,110.0,0.0
2,1,0,1,0,0.0,0,0.0,2018.0,7,13,0.0,0.0,0,0,130.5,0.0
2,0,2,5,1,0.0,0,0.0,2018.0,8,17,0.0,0.0,0,0,89.25,0.0
3,0,2,8,0,0.0,1,0.0,2018.0,8,23,0.0,0.0,0,0,130.05,0.0
2,0,2,3,1,0.0,0,0.0,2018.0,3,12,1.0,0.0,0,0,63.75,0.0
2,0,0,2,0,0.0,1,91.0,2018.0,10,4,1.0,0.0,0,0,132.3,0.0
1,0,2,1,0,0.0,0,0.0,2018.0,3,13,0.0,0.0,0,0,85.0,0.0
