a1cx,a1cy,b2x,b2y,a2pop,a3pop,temp,mxql
-0.17906,-0.323534,0.188796,-0.488343,,,0.598314,6
-0.230159,0.343795,-0.4449,-0.363838,,,0.622102,7
0.490449,-0.028404,0.058551,-0.245691,,,0.798813,7
-0.027715,0.208671,0.382705,0.418584,,,0.46844,6
0.194117,-0.420511,-0.460238,0.448569,,,0.614839,7
0.289081,0.016471,-0.243779,-0.208383,,,0.58407,6
0.377096,-0.30387,0.361138,0.348027,14.587963,,0.6618,5
-0.23246,0.47472,-0.000648,0.114414,,,0.359186,8
0.170879,0.08311,-0.142219,-0.048582,,2.38142,0.673776,8
0.422946,0.104292,-0.039195,-0.3567,,,0.656858,5
-0.117203,-0.233611,0.081803,-0.304289,,,0.798999,7
-0.365486,0.4104,-0.451862,-0.13859,0.088951,,0.934653,5
0.421132,0.042894,0.336452,0.010387,8.114699,,0.885614,8
-0.271258,0.139185,0.477921,0.212823,,,0.690175,8
0.199956,-0.363377,-0.164132,0.139813,,,0.763119,7
-0.469683,-0.274104,-0.046137,0.014641,,,0.859027,5
0.047651,0.48245,-0.156112,-0.437885,,,0.583488,5
0.101655,0.331837,0.419566,0.163644,,3.176296,0.847301,6
-0.247227,0.380675,0.227554,0.403388,,,0.678214,6
0.199539,-0.298287,0.317454,-0.268595,,,0.805906,7
-0.3223,-0.318563,0.084116,0.054431,,,0.78832,7
0.003758,-0.055081,0.177745,-0.275044,2.094054,,0.827554,8
-0.16341,-0.341616,-0.324086,-0.316125,3.812983,,0.764788,5
0.278429,-0.219443,0.377469,0.440156,,0.095515,0.440415,6
-0.045669,-0.280096,0.125784,0.368002,,,0.376696,6
0.478179,0.200763,0.289221,0.088527,5.799267,,0.756128,7
-0.299237,0.297405,0.153606,0.128182,,,0.494,7
-0.364406,-0.277749,-0.086491,0.265494,1.637235,,0.703391,7
-0.363312,0.187589,-0.137589,-0.415137,,,0.469217,5
0.49249,-0.480242,0.148683,-0.277964,4.738942,,0.490101,7
-0.115755,-0.166131,-0.17698,0.279793,4.669722,,0.897396,7
0.34747,-0.044008,-0.02572,-0.458828,,,0.459458,7
-0.039935,-0.479223,-0.366087,-0.289645,,,0.658494,7
-0.119828,0.211056,0.437598,-0.209217,,,0.35914,5
-0.185175,0.204194,0.254258,0.255137,,,0.837773,6
-0.106304,-0.158502,-0.044812,-0.265182,1.350115,,0.337838,6
-0.036269,0.219731,0.315117,-0.08216,0.176533,,0.673864,8
0.078415,-0.102715,-0.211031,0.4726,,,0.473403,8
-0.228182,0.196834,-0.248943,-0.15565,0.618022,,0.790974,7
0.321241,0.468828,0.194289,0.214007,3.389912,,0.836401,7
-0.451702,0.052672,-0.208175,-0.200462,,3.482437,0.525015,5
-0.423544,0.190618,0.024471,-0.094688,,,0.803972,6
0.235679,-0.089097,0.360273,0.065401,,,0.544997,5
0.280693,-0.380793,-0.179276,-0.199253,,,0.417324,5
0.363217,-0.478606,0.377351,-0.250655,,,0.73996,7
0.488142,-0.410636,-0.219121,0.244318,,,0.723369,7
-0.003278,0.0095,-0.184061,0.201703,,,0.564567,6
0.263026,-0.407737,0.147545,0.101594,2.323169,,0.789005,5
-0.117307,-0.36859,0.314014,0.195659,,,0.688468,6
0.011644,-0.133185,-0.380811,0.477252,,,0.722775,8
-0.134787,0.043172,-0.371641,0.260097,,,0.415454,7
-0.12046,-0.324258,0.499364,0.098802,,,0.458097,7
-0.006399,0.247649,-0.283339,-0.309563,,1.047517,0.325079,5
-0.261367,0.231697,-0.15818,0.054146,2.601218,,0.532813,7
0.375967,-0.010413,0.370847,0.279663,,,0.711081,7
0.024171,0.177334,0.109395,0.040134,,,0.696479,8
0.201431,0.198087,0.391128,-0.467917,,,0.828787,5
-0.423164,-0.457446,0.142786,-0.414484,,,0.679601,6
0.326053,-0.448419,0.309145,-0.498487,,,0.674398,7
-0.209755,0.328768,-0.469551,0.013734,,,0.439831,8
-0.251987,0.273979,-0.211185,0.280826,,,0.381064,6
-0.429497,0.392733,-0.365616,-0.438114,4.891564,,0.207536,5
0.358625,0.367545,-0.141876,0.360356,3.140279,,0.501285,6
0.226788,0.040194,0.321913,-0.011792,,,0.568059,6
-0.255292,0.308003,0.326733,0.101106,1.552108,,0.875241,8
-0.262842,0.271326,0.366621,0.248257,,,0.367467,6
-0.374654,0.436225,0.045568,-0.338968,,,0.69935,7
-0.408483,0.084014,0.46225,-0.181671,,,0.423209,5
0.024272,0.25068,-0.224939,-0.470376,,,0.56068,5
-0.425492,-0.254137,-0.136251,-0.159215,0.756118,,0.792363,8
0.486047,-0.104824,-0.420036,-0.011549,,,0.560116,5
-0.020146,-0.468872,0.10843,0.292261,,,0.455125,8
0.32005,0.390433,0.201554,-0.04887,,,0.608506,7
0.465963,-0.368907,-0.019219,-0.003136,,0.833891,0.790828,8
0.314667,-0.411825,0.314604,0.299926,,,0.195343,6
-0.191323,-0.213825,-0.133005,0.150712,,,0.531598,6
0.456942,-0.008988,0.079639,0.306361,,,0.17714,5
0.356005,-0.258216,0.378685,-0.00531,,,0.567554,8
0.430864,-0.334945,0.290719,0.451659,,,0.674529,7
-0.384215,-0.355432,-0.230751,0.09298,6.696036,,0.360435,8
-0.239449,0.231512,-0.244944,-0.240346,,,0.466652,5
0.39579,0.105736,0.210495,0.314253,,,0.417965,8
-0.24426,-0.298263,-0.078053,0.490792,,,0.686138,5
-0.434346,0.421692,-0.015247,-0.225136,1.342491,,0.853179,7
-0.25405,0.333452,0.010429,0.08186,,,0.464453,8
-0.412644,0.054628,-0.339779,0.297336,,,0.666621,5
0.089593,0.081571,0.301595,0.177556,,,0.576393,6
0.435874,0.046313,0.282888,-0.116945,7.377695,,0.929891,8
-0.473766,-0.041538,-0.035766,0.356288,,,0.682811,6
0.039718,0.466599,-0.465919,0.271481,7.046598,1.648751,0.644273,7
0.077887,0.251378,-0.47145,-0.328331,,0.347927,0.827211,6
0.2541,0.382598,0.087953,0.066367,,,0.512923,5
0.059337,0.491301,0.082345,-0.327613,,,0.577476,5
-0.162537,-0.393273,-0.425398,-0.493604,,,0.611886,6
0.074668,-0.043928,-0.03868,-0.350475,,,0.305894,5
0.407204,0.260663,0.015475,-0.288398,,,0.747866,5
0.47974,-0.124476,0.232611,-0.242198,5.026892,,0.538399,8
0.419404,0.377884,0.122185,0.055387,,,0.869455,5
0.179677,0.079714,0.254095,-0.344391,,,0.814668,8
0.280515,0.296461,-0.283124,-0.071254,,,0.667159,7
-0.197845,0.458263,0.354167,0.125086,,,0.675561,5
-0.256209,0.47255,0.366932,0.161461,,,0.337951,7
0.404001,-0.097842,-0.142455,-0.202922,0.470872,,0.862053,8
0.091265,0.023804,0.093778,0.099608,5.263483,,0.196523,6
-0.125287,-0.001791,0.164365,0.301031,3.800545,,0.547571,5
0.490223,0.425247,-0.124017,-0.106566,1.822914,,0.662668,7
-0.247676,0.158311,-0.423019,0.315337,0.56383,,0.659815,6
-0.353169,0.237844,0.322124,-0.48498,4.155681,,0.476178,7
0.210065,0.409432,0.477375,-0.060564,,,0.513688,5
0.459319,0.355084,0.022606,-0.449252,0.062029,,0.506411,8
-0.280407,-0.084538,0.240966,0.009808,,,0.542295,6
-0.253039,-0.229397,0.091304,0.12396,,,0.825488,8
0.282691,0.191966,-0.346986,-0.207711,,,0.525292,5
0.169966,-0.433357,0.229256,-0.371785,,,0.747813,6
0.341132,0.432752,0.327339,0.24555,,,0.558985,8
0.457603,-0.057962,0.387406,-0.328829,,,0.635247,7
0.240966,-0.036532,0.046342,-0.418515,,,0.391237,7
-0.230775,-0.018521,-0.108123,0.225566,,,0.795848,7
0.204663,-0.028603,-0.00073,-0.389697,,,0.766676,7
-0.371257,-0.010152,-0.376758,0.073987,0.591968,,0.894435,8
0.1884,0.152577,-0.277559,-0.094175,,,0.321669,8
-0.160837,0.33238,-0.475002,-0.1452,,,0.580727,6
-0.023284,-0.236489,0.093459,0.11899,2.014116,,0.694431,5
0.091424,0.085882,0.311914,0.058928,,,0.482442,5
0.394349,-0.470027,0.438649,0.160275,,,0.648764,6
-0.31894,-0.351635,-0.205317,-0.01527,,,0.886245,8
0.029984,-0.055857,0.153082,0.186744,,,0.683395,7
-0.011761,0.209771,-0.194815,0.106596,,,0.343596,7
0.347981,-0.098734,0.159406,-0.18405,3.41763,,0.932115,5
0.007765,-0.264341,0.377034,0.049756,9.130949,,0.154136,7
-0.360656,-0.14328,-0.240323,-0.336603,,,0.300747,5
-0.460703,0.346019,-0.443363,0.224551,,,0.656848,5
-0.348401,-0.043795,0.475329,0.490886,,,0.779946,5
0.338186,-0.412278,0.497805,0.262191,,,0.443464,6
-0.401177,0.412381,0.23817,-0.299914,,,0.430621,6
0.009355,0.369342,-0.474083,0.066142,2.385489,,0.902379,5
-0.299777,-0.253117,-0.018398,-0.093459,,,0.346502,6
-0.169541,0.455752,0.426765,0.369067,0.275442,,0.88872,8
-0.404961,0.23999,0.46755,-0.004078,0.785651,,0.638943,8
-0.370532,-0.300685,0.271657,0.253912,,,0.319214,5
0.148608,0.12675,-0.018812,0.34515,,,0.425291,7
-0.112248,-0.34344,-0.087593,-0.191263,,,0.205555,7
0.420719,-0.004974,-0.287905,-0.307282,0.177518,,0.653163,8
0.059179,-0.236539,0.351839,0.393123,1.631572,,0.343613,8
-0.159605,-0.011388,-0.133944,-0.381529,,,0.226118,6
-0.496888,-0.473579,0.433997,-0.186754,,,0.262979,8
-0.265042,-0.478563,0.178418,-0.006052,12.864235,,0.166354,6
-0.368071,0.296628,0.058783,-0.151433,,,0.813291,8
0.337793,-0.436898,-0.431575,0.275975,,,0.344062,6
-0.394115,0.252334,-0.415386,-0.153035,,,0.808598,6
-0.251831,-0.036996,0.02744,-0.376428,,,0.459993,6
-0.27524,-0.039012,0.424782,0.157418,,,0.658354,6
0.027555,0.310973,-0.087905,0.442677,,,0.580604,8
0.045473,-0.133158,-0.106212,-0.154425,,,0.635768,6
0.224852,0.243707,-0.033092,-0.2795,,,0.825362,8
-0.363787,-0.378061,-0.398426,-0.057126,,,0.407287,5
-0.469025,0.087731,-0.065941,0.023872,0.204225,,0.319625,6
0.161851,0.022178,-0.467359,-0.429354,,,0.732954,5
-0.456532,-0.206571,0.068992,0.195812,7.602242,,0.834969,7
0.262838,-0.108843,-0.32813,-0.359292,,,0.84188,8
0.439779,0.364688,0.164205,-0.136314,,,0.831437,6
0.201415,-0.479985,-0.245833,0.128181,1.946489,,0.643297,7
-0.327541,-0.093924,-0.440797,-0.298334,,,0.738098,6
0.154593,-0.33902,0.426167,-0.473854,0.345702,,0.470976,6
0.104809,-0.465061,0.20899,0.075308,,,0.641198,8
-0.069136,0.449205,-0.473746,-0.045408,,,0.74255,5
-0.416299,-0.207968,0.154615,0.052299,,,0.704707,8
-0.223017,-0.236256,-0.22894,-0.251449,,,0.878649,8
0.129408,0.036932,0.163918,0.314637,,,0.879354,7
-0.11484,0.423095,-0.061175,-0.371374,,,0.708513,5
0.480332,-0.448891,0.032287,-0.002009,,,0.807933,6
0.260431,-0.46618,-0.399427,0.131758,1.163721,,0.576009,8
-0.104287,0.24338,0.117711,0.219709,2.342666,,0.565456,8
-0.048456,0.431457,0.38196,0.408277,6.855593,,0.906154,8
0.309495,0.1648,0.303306,-0.106752,1.901381,,0.86895,5
0.392891,0.304165,0.463768,0.284009,0.222627,,0.933838,6
0.09964,-0.324632,-0.490212,0.301979,,,0.637045,8
-0.385742,0.042536,0.261864,-0.435837,,5.991434,0.74263,6
0.303545,-0.420476,0.463772,-0.073449,3.881285,,0.633183,5
0.449671,0.445094,-0.491347,-0.302928,,,0.596644,7
0.40355,-0.377784,0.432727,-0.381977,2.477776,,0.670072,7
0.238386,0.42313,0.031209,0.445613,,,0.723325,8
0.49361,0.21931,0.036416,0.315738,1.832862,,0.622718,7
0.071748,-0.090628,-0.130463,-0.2136,1.220947,,0.300945,8
-0.360428,-0.321895,0.416424,0.126033,,,0.779144,5
0.306643,0.428216,0.095388,-0.236754,0.55679,,0.504334,8
-0.266453,0.075021,0.484931,0.452752,,,0.778231,7
0.030189,0.387126,-0.34221,-0.498073,,,0.880628,6
0.246472,-0.271607,0.257065,-0.081791,,,0.45358,8
0.241052,0.376535,-0.478698,-0.462272,3.110404,,0.726911,6
0.010642,0.068471,0.202847,-0.26183,,,0.854518,7
-0.399834,0.035818,0.364751,0.038923,,4.626865,0.648929,8
-0.003769,-0.448186,0.293141,0.016526,,,0.660595,5
0.196591,0.393107,0.463079,-0.49902,2.049957,,0.797214,7
0.04697,-0.369315,0.405485,-0.290547,,,0.430544,8
0.498521,-0.137201,0.091599,0.01998,,6.183767,0.852558,5
-0.169642,-0.034544,0.397818,-0.242269,,,0.691447,5
-0.212402,0.366928,0.083517,-0.476187,7.137365,,0.375932,6
0.060566,0.265863,0.129133,-0.011424,13.153187,,0.743712,8
-0.373043,0.301382,-0.344121,-0.487389,0.601947,,0.492779,5
-0.421897,-0.214932,-0.488397,-0.176651,,,0.569015,7
-0.307761,-0.217666,-0.067441,0.108404,0.986284,,0.379007,5
0.323716,-0.241968,0.166221,0.303851,,4.960932,0.493753,7
-0.254145,0.36308,0.022811,-0.454303,,,0.301206,8
-0.464788,0.428456,0.123579,0.288661,2.797503,,0.49278,5
-0.217786,-0.013722,0.244478,0.208499,4.73547,,0.722305,7
0.437446,-0.389326,0.492301,0.094795,2.978634,,0.575893,8
0.023063,-0.255575,0.228672,0.040785,,2.1761,0.124296,6
0.449274,-0.194195,0.042411,0.367754,,,0.447315,8
-0.329642,0.450548,0.470174,0.008256,5.215492,,0.629859,5
-0.070404,0.244617,0.1723,0.143264,,,0.380123,8
0.01862,0.25995,-0.034055,-0.201218,,,0.408327,5
-0.177747,0.109048,0.057278,-0.055863,,,0.883803,6
0.040674,0.36516,0.374867,-0.340939,8.889838,,0.469415,7
0.30682,0.480463,-0.045822,0.113497,,,0.743526,8
0.200573,0.233849,-0.454167,-0.427823,,,0.656655,8
0.155209,0.39866,-0.397454,0.450511,,,0.538128,5
0.437039,-0.084121,-0.103134,0.168054,,0.396586,0.51351,5
-0.400509,0.364435,-0.353445,0.161846,3.35826,,0.729286,6
0.408159,0.17905,-0.387399,-0.006454,,,0.404577,5
-0.442954,0.384916,0.189555,-0.414176,,,0.780426,8
-0.406594,-0.328846,0.182097,0.391202,,,0.524967,7
-0.334025,0.205035,-0.374781,0.378621,,,0.636638,5
-0.001944,0.140254,0.336489,-0.037647,2.698187,,0.516695,5
-0.188223,0.214956,-0.095292,-0.05645,,,0.62923,5
-0.193855,0.411271,-0.163515,-0.018058,0.732487,,0.812577,6
0.393124,-0.252728,0.468524,-0.078907,,,0.938605,5
-0.228258,0.177431,0.338333,0.25025,,,0.327833,7
-0.370254,-0.128552,-0.098839,0.059772,,,0.841901,8
0.4958,-0.252556,0.315799,0.205324,,,0.713192,5
-0.210099,-0.33305,0.101822,0.21164,,,0.171038,7
-0.108906,-0.087684,-0.234456,-0.283512,,,0.558528,6
0.477055,-0.373754,0.095336,0.222338,1.29258,,0.358773,5
0.300222,0.239517,-0.309418,0.308223,1.782105,,0.731465,8
0.36286,-0.2972,-0.115194,-0.440816,,,0.679735,8
0.073238,0.047592,0.301976,-0.495542,,,0.333171,5
0.071674,0.280523,0.231229,-0.479409,,,0.517028,5
0.10266,0.034178,0.115038,0.302791,6.004028,,0.528917,7
0.188941,-0.468472,-0.396533,-0.234524,,,0.814604,8
0.276859,0.432411,-0.274382,-0.064278,,,0.494254,7
-0.441032,-0.37891,0.469336,0.214923,,,0.556071,7
0.101795,-0.006343,-0.146958,0.341771,,,0.712231,6
0.290922,-0.046409,0.183939,-0.039332,,,0.865428,8
0.495994,0.035443,-0.058574,-0.205217,,,0.471867,8
0.271488,-0.428033,0.099051,0.047365,,,0.412748,7
-0.149839,0.423272,0.052,-0.116709,6.03067,,0.605421,6
-0.174576,0.009287,0.406114,-0.139321,,,0.694789,5
0.224205,-0.446027,0.38544,-0.324315,,,0.230353,8
0.149281,-0.270411,0.312957,-0.112405,,,0.399635,5
0.435979,-0.302702,-0.41386,0.232086,1.127345,,0.792102,5
0.2699,-0.160336,0.130563,0.342131,,,0.487988,8
0.367464,-0.060501,-0.209905,0.493674,1.226073,,0.341997,6
-0.0238,-0.425988,0.338774,-0.121583,2.224138,,0.539902,6
0.269192,0.019152,-0.395022,0.27849,,,0.726434,6
-0.071193,-0.472681,0.446267,-0.029716,,,0.696424,6
0.240174,0.335928,-0.214361,0.338705,1.03072,,0.402445,6
-0.345623,-0.320565,-0.103359,-0.130116,,,0.931697,8
0.363616,-0.124479,-0.253181,-0.275632,2.099727,,0.758421,7
-0.416552,0.324589,-0.001993,-0.304637,,,0.827543,8
0.44932,-0.263631,-0.095923,-0.00701,,,0.276151,6
0.444351,-0.43158,0.144573,0.085815,,,0.204647,5
-0.486689,-0.211349,0.49311,0.184482,,,0.746256,5
0.109436,0.309557,0.094375,-0.291727,1.175622,,0.378586,7
-0.315141,0.368715,0.127305,0.463225,3.283277,,0.490632,7
0.013981,0.463592,-0.399593,-0.14167,,,0.776967,6
0.448258,0.205471,0.073536,0.148606,5.40603,,0.566372,8
0.315305,0.352785,-0.432088,0.04659,,,0.857868,8
-0.412293,-0.090143,-0.16738,-0.026734,,,0.478901,7
-0.386201,-0.077376,0.202476,0.213433,0.614034,,0.272597,8
0.15231,-0.438753,0.101945,0.296396,,,0.278968,5
-0.202973,0.205034,0.179336,-0.354883,,,0.670627,6
0.176411,0.070706,0.153665,-0.433773,,,0.750681,7
0.323816,0.119466,0.209852,-0.437807,,,0.402453,5
0.399646,-0.065383,0.420335,0.261572,0.701868,,0.682291,7
0.182352,-0.304602,0.200567,-0.052683,0.680259,,0.762674,7
-0.393909,0.355121,-0.200562,0.084437,3.324124,,0.446423,5
-0.457925,-0.39664,0.395548,0.100199,,,0.711645,5
0.30296,0.192315,-0.358869,-0.447405,,,0.230493,8
-0.368885,-0.051599,-0.190241,0.433304,,,0.75805,5
-0.060444,0.220357,0.424364,-0.210999,2.346089,,0.788802,8
0.226019,-0.442366,-0.434544,-0.414741,,,0.774074,6
-0.119099,0.169217,-0.156673,-0.4229,0.562676,,0.893757,5
-0.439898,0.291085,-0.199153,0.321928,3.331148,,0.303282,5
0.094213,-0.462289,0.235716,-0.024774,,,0.302685,5
0.497175,0.33663,-0.399904,-0.02002,1.63108,,0.831544,8
-0.000703,-0.155571,0.422646,-0.384488,,,0.764001,8
0.428596,-0.148087,-0.464918,0.095549,10.980252,,0.689549,7
0.462407,-0.439425,0.266711,0.254116,,,0.536092,7
0.084742,-0.246762,-0.44335,-0.282292,1.494343,,0.793095,8
0.169456,-0.153429,0.374102,-0.413606,1.146713,,0.937449,5
-0.297997,-0.439283,-0.172756,0.33397,2.091023,,0.502348,5
0.272478,0.093988,-0.201069,0.313909,,,0.666468,5
-0.250019,0.498644,-0.241633,0.324408,,,0.613895,8
-0.080559,0.094329,-0.411614,0.111936,,,0.567217,8
0.435296,0.045256,0.422939,0.323951,,,0.770151,6
0.187767,0.059099,-0.091256,-0.354646,,,0.84345,8
-0.417688,-0.486602,0.342058,-0.038717,,,0.663336,7
-0.459569,-0.216719,-0.358599,0.077476,4.609227,,0.76617,5
0.409213,0.12652,-0.344166,-0.103854,4.255438,,0.706373,5
0.390195,-0.331975,0.139736,-0.295143,4.35852,,0.694318,5
-0.055606,0.189465,-0.017197,0.257689,1.109108,,0.82422,8
-0.270026,-0.165153,0.374774,-0.084537,,,0.791512,7
0.371738,-0.402874,-0.010338,-0.030872,,,0.605558,8
0.313754,-0.007907,-0.249302,0.39009,,,0.800564,7
-0.240464,-0.349827,0.392633,0.090112,0.462638,,0.571216,6
-0.499999,-0.224639,-0.344967,-0.488045,,,0.684545,6
-0.17357,0.03346,0.261367,-0.344012,,,0.644717,5
0.447755,0.398878,0.157987,-0.209391,,,0.560771,5
-0.446789,-0.250996,-0.225541,-0.234398,,,0.541515,5
-0.183118,-0.395959,0.448194,-0.271498,,,0.546075,7
0.478522,0.137229,0.026232,-0.409361,,,0.421687,7
0.460566,0.12802,0.016612,-0.203633,8.749208,,0.866921,5
-0.26975,-0.446566,-0.380718,-0.423844,4.246704,,0.659894,5
-0.143019,0.151487,0.257911,0.039879,,,0.715823,7
0.322127,-0.079313,-0.314976,0.218351,,,0.953574,5
0.34314,-0.309277,-0.296384,0.168503,,,0.787474,8
-0.454573,0.480387,0.35698,-0.007479,,,0.574537,5
-0.161816,0.298892,-0.442945,-0.382921,,,0.604114,8
0.002718,0.003668,-0.068174,-0.007579,,,0.434356,5
0.467427,-0.21688,-0.451642,-0.110174,0.033713,,0.7372,6
-0.273867,-0.161349,0.339254,0.391745,,,0.651844,5
0.306815,-0.23215,-0.163738,0.300628,,,0.629984,6
-0.259524,-0.366549,-0.045508,-0.340319,,,0.562409,5
0.348389,-0.214058,-0.136029,-0.153727,1.246551,,0.585133,5
0.169906,0.33019,0.16781,-0.483296,,,0.90266,6
-0.283021,0.231597,-0.228022,-0.06019,3.952513,5.051733,0.805189,6
0.462497,-0.142488,0.140556,-0.481546,,,0.540541,7
0.468824,-0.414361,-0.07866,-0.36873,,,0.564473,5
0.010932,0.47062,-0.197184,-0.103903,,,0.445703,7
-0.195621,0.045434,0.013501,-0.401985,,,0.518175,8
0.091181,0.243953,0.300639,0.498089,11.039405,,0.765214,8
-0.461062,-0.491411,-0.291064,-0.226941,,,0.722126,8
-0.097242,0.247585,-0.478194,0.425825,0.462338,,0.965212,8
0.00035,0.116573,0.038214,-0.47141,,,0.525259,7
-0.317997,-0.334162,-0.304753,0.335506,,,0.58953,8
0.417124,-0.018147,0.471461,-0.09918,,,0.572676,6
-0.487765,0.220656,-0.042297,0.028994,0.055693,,0.583948,8
-0.382909,-0.281524,-0.201079,-0.050427,2.498893,,0.268741,5
-0.456057,0.046824,0.05849,0.134618,,,0.764197,7
0.171035,-0.047262,-0.42411,-0.487212,2.860258,,0.32593,8
-0.088925,-0.167483,-0.249818,0.188824,1.846559,,0.456201,5
-0.068378,0.21687,-0.346488,-0.287225,14.868687,,0.430689,7
-0.169612,0.425305,-0.270764,0.069497,,,0.148788,8
-0.470588,-0.335499,-0.084727,-0.46457,0.049135,,0.663263,7
-0.317902,-0.34636,-0.459135,-0.385008,,,0.647518,5
-0.290215,0.361334,-0.171467,0.337211,,,0.497754,6
0.111088,-0.323361,-0.239973,0.044853,,,0.643985,8
-0.042533,0.143868,-0.126054,0.460623,0.209212,,0.560788,6
0.27383,-0.440998,-0.380199,0.047801,,,0.730989,7
0.067006,-0.113257,-0.007913,0.051861,,,0.866126,7
0.202348,0.417747,0.148532,-0.458053,4.056942,,0.34986,6
0.471513,-0.181836,0.207502,0.01601,,,0.625617,5
-0.369468,0.456692,-0.215358,0.204749,,,0.843506,8
0.108285,-0.495861,-0.310967,0.112588,3.832273,,0.331048,6
-0.333066,0.384111,-0.30216,-0.080339,0.159264,,0.690992,6
-0.06288,0.456164,0.085284,-0.20163,,,0.350427,8
0.066222,-0.122838,-0.056281,0.254612,,,0.149565,5
0.000618,-0.427912,-0.149953,-0.13077,,,0.856408,6
0.308049,-0.079395,0.197275,-0.248709,11.069082,,0.742659,5
-0.367183,0.118121,-0.406588,-0.217037,,,0.829632,6
0.382435,-0.083361,-0.396057,0.21929,3.743941,,0.639244,5
0.245045,0.412534,0.028837,-0.415295,3.818763,,0.413445,5
-0.370703,0.177555,-0.360006,-0.219421,,,0.615061,7
-0.388347,0.172733,-0.061926,0.14103,4.082985,,0.868836,8
0.041435,-0.058003,0.028447,0.48577,,,0.314891,5
0.199493,0.111854,0.220919,0.335649,,,0.697012,5
0.388399,0.157729,0.17653,0.41565,,,0.935838,6
0.30218,-0.007206,-0.474525,0.446799,,,0.598676,5
0.377526,0.213736,-0.065224,-0.061239,,,0.451406,7
0.26959,-0.295503,-0.193885,0.218467,,,0.441847,6
0.013096,0.208028,-0.380047,-0.120891,1.136015,,0.371106,7
-0.45579,-0.128272,0.367741,-0.439914,,,0.390392,8
0.059241,0.233931,0.117141,0.463079,,,0.677432,5
-0.386468,0.040777,0.429447,0.029319,1.47294,,0.474434,5
-0.248127,0.1456,-0.110095,0.307786,,,0.738053,5
0.482894,0.435965,-0.072114,0.054509,,,0.78493,8
-0.157111,-0.119192,-0.263752,0.132139,,,0.68304,8
-0.094283,-0.430744,0.17524,-0.159495,,,0.496355,6
-0.093472,-0.493967,-0.25683,0.427539,,,0.622379,8
0.194319,-0.125171,0.171518,0.419383,,,0.571381,8
0.48364,-0.116149,-0.491282,0.238669,,,0.855329,6
0.439546,-0.089984,-0.286606,0.199112,,,0.550396,7
0.368077,0.209799,0.308436,-0.346735,,8.945114,0.516221,8
-0.429636,-0.420004,-0.468255,-0.115765,1.836374,,0.842238,5
-0.478687,0.16037,-0.434902,-0.315666,,,0.844861,5
-0.132062,0.434711,-0.132334,-0.095347,0.197004,,0.50847,8
0.173306,-0.058579,0.403074,-0.446252,,,0.566027,6
0.364907,-0.24221,0.175907,-0.351698,3.440503,,0.70125,8
0.142106,-0.487485,-0.166524,0.063376,0.575965,,0.908605,6
-0.157778,-0.142031,0.431045,-0.103256,0.332014,2.013936,0.782442,6
0.11886,-0.290073,-0.370292,0.095785,,,0.788305,8
-0.343918,0.017009,-0.4197,0.111177,,,0.68376,5
0.341512,-0.26012,-0.379418,0.284596,0.044232,,0.771134,8
0.236932,0.217263,0.058554,-0.283564,,,0.540977,7
-0.086913,-0.024045,-0.220565,-0.074843,,,0.890053,5
0.456652,0.312925,0.218887,-0.16424,,,0.502679,8
-0.272597,0.360104,0.253205,-0.155401,,,0.263275,8
-0.265648,-0.204985,-0.410719,0.452619,,,0.138803,5
0.018919,-0.15218,0.221906,0.250775,2.736199,0.319946,0.647029,8
-0.39958,0.301766,-0.039722,-0.135783,,,0.672222,5
0.401832,0.494886,0.421071,0.06777,,,0.865443,7
0.211387,0.26552,-0.097548,0.458453,0.002743,,0.878083,7
-0.42701,-0.368354,-0.456524,0.035881,,,0.772836,5
0.177037,-0.315029,-0.102711,0.358996,,,0.554074,6
0.106705,0.103433,0.043644,-0.193996,,,0.885111,7
0.043131,0.350407,0.079953,0.468868,,,0.770608,6
-0.215708,0.235322,0.442226,-0.218749,2.355285,,0.597022,6
0.09079,0.420878,-0.251271,-0.243526,,,0.697561,7
-0.219619,-0.17541,-0.029811,-0.03725,,,0.552367,6
-0.149898,0.118813,0.439837,-0.388623,5.747488,,0.875972,5
0.071142,0.415881,0.038839,-0.070148,,,0.946761,6
-0.494276,-0.013091,0.369976,0.233115,,,0.538589,6
0.448843,-0.330786,0.384145,-0.292165,,,0.466927,7
-0.32928,-0.336632,0.188282,-0.105542,,,0.114277,6
0.479441,0.054739,0.324972,-0.413478,1.060466,,0.449911,5
0.218574,-0.236022,0.183786,0.121574,,,0.910312,6
-0.409877,0.44257,-0.267687,-0.126119,0.677939,,0.54447,8
-0.087324,0.341448,0.392386,-0.42422,0.064516,,0.704322,5
0.284852,0.105741,0.217011,-0.169405,,,0.192163,8
-0.093835,0.404768,-0.186786,-0.040476,,,0.315765,8
-0.463239,-0.291521,-0.076667,0.484823,,,0.719215,6
0.243095,0.473529,0.116789,-0.300445,,,0.468376,7
0.174168,0.095884,-0.176221,0.079374,,,0.911232,8
-0.376088,0.468432,-0.322531,0.358468,,,0.469569,8
0.10764,0.385316,-0.106497,0.269341,0.544506,,0.613339,5
-0.178876,0.266734,-0.499492,-0.379859,,,0.908029,8
0.28695,-0.182963,-0.109814,0.303292,2.349705,,0.670085,6
0.474618,0.299528,-0.403907,0.369212,,,0.486904,8
0.089572,0.463765,-0.482034,-0.274431,8.975301,,0.564443,5
0.437808,-0.006195,0.47791,0.063234,,,0.546305,5
-0.076312,0.097801,0.222602,-0.249407,3.995275,,0.83394,6
-0.318946,0.402328,-0.467275,0.106109,0.995841,,0.775507,8
-0.167495,0.226138,-0.068754,-0.392893,,,0.354083,6
-0.039021,-0.346823,-0.277012,-0.30333,2.302239,,0.409963,7
0.100553,-0.240059,-0.173477,0.210622,0.239802,,0.625428,8
-0.039435,0.457582,0.100889,-0.213478,,,0.828017,6
-0.079585,0.490434,0.306663,0.122671,1.978569,,0.533874,7
-0.20554,0.141827,0.32826,-0.361226,,,0.713241,5
-0.494238,0.254866,0.191849,0.22627,,,0.565205,5
-0.297511,0.385172,-0.025228,-0.014889,3.939612,,0.893272,8
-0.415612,0.246104,-0.389512,-0.436951,,,0.517268,7
0.130856,0.347241,0.227976,-0.32092,,,0.679083,5
-0.095035,-0.12008,-0.086465,-0.196052,,,0.646506,5
-0.332265,-0.351998,-0.040193,-0.198407,,,0.854414,5
-0.475368,-0.087628,-0.027746,0.313588,,,0.784429,6
-0.038573,-0.236257,0.333246,-0.415185,,,0.424263,5
0.49655,0.236034,0.49195,-0.422198,,,0.64726,6
-0.301623,0.496813,0.26845,-0.408349,,,0.595932,5
0.010884,-0.160621,-0.20989,0.289254,,,0.435223,6
0.263571,0.29205,-0.201893,0.015244,4.111035,,0.866253,6
-0.06421,0.223831,0.476376,-0.363896,,,0.882746,8
-0.475889,-0.420002,0.054749,-0.042214,0.818854,,0.104922,7
0.070725,-0.383033,-0.346678,-0.229158,,,0.845015,5
0.432283,0.326412,-0.438895,-0.415976,,,0.72739,8
-0.066861,0.463494,0.087199,-0.164991,0.65374,,0.393355,6
0.005364,-0.190238,0.376751,0.198175,0.21694,,0.807494,8
0.454684,-0.463879,0.159678,-0.181547,,,0.895602,8
-0.001445,0.077632,0.429802,0.490697,,,0.544253,6
0.247627,0.210715,-0.214853,0.419669,,,0.55212,6
-0.363522,-0.176887,-0.466262,0.047607,,,0.531461,8
0.310352,-0.165261,-0.266456,0.377543,4.763133,,0.575941,5
0.347049,-0.066209,0.461094,-0.107878,,,0.91254,5
0.397234,0.29962,0.371992,-0.246711,,,0.791293,5
-0.445325,0.233592,-0.029804,-0.387966,,3.254533,0.940957,6
-0.39849,0.434315,-0.428219,-0.008147,,,0.572513,5
-0.406998,-0.099554,0.161569,-0.062379,0.868227,,0.586334,5
-0.051164,0.009037,-0.427881,0.474542,3.051311,,0.213282,6
-0.294885,0.293089,-0.161725,-0.138131,8.558682,,0.835895,5
0.245806,-0.028141,0.488051,-0.097688,0.797724,,0.760759,5
0.218678,-0.161968,0.466505,-0.327037,,,0.847949,5
-0.02194,0.338166,-0.310183,-0.185676,,,0.85101,5
-0.375975,-0.30337,-0.009575,0.015647,1.294444,2.42176,0.54275,6
0.405574,-0.34936,-0.035504,-0.074538,0.086775,,0.450264,6
0.150782,0.34617,0.319225,-0.23746,2.707145,,0.820942,6
0.085388,0.41459,0.359948,0.083119,,,0.752111,5
-0.113667,0.248797,-0.175312,-0.159803,,,0.60026,7
0.422239,0.262429,0.125056,-0.132941,,,0.634184,8
-0.001968,0.272543,0.250529,-0.074958,,,0.358971,7
0.230009,-0.123668,0.276888,-0.153776,,,0.613651,5
-0.41607,-0.30726,-0.039749,-0.4485,0.463573,,0.676867,7
0.380484,0.193433,-0.16048,-0.273701,,,0.694332,6
-0.004289,0.371369,0.38065,0.066356,,,0.235242,7
-0.488513,0.197777,-0.494,-0.21419,,,0.210975,8
-0.322755,0.115388,-0.299503,0.304225,,,0.368243,6
-0.336765,-0.216327,-0.112053,-0.11947,1.143949,,0.411813,8
0.038076,0.075211,-0.336785,0.418796,,,0.806298,7
0.379082,0.359259,-0.486036,-0.048809,,,0.741436,5
-0.434077,-0.291651,-0.4133,-0.487799,,,0.439633,8
-0.12656,0.126473,-0.302287,-0.269234,2.867073,,0.67185,8
-0.35884,-0.317242,-0.15944,0.227326,3.184443,,0.355587,8
0.390319,0.352015,0.017165,0.347872,,,0.764765,7
-0.084189,-0.133055,-0.49144,-0.22572,,,0.845829,7
0.422215,0.252667,-0.024588,-0.293242,1.945475,,0.453097,8
-0.388616,-0.385972,-0.457402,0.337717,6.30284,,0.791773,8
-0.274381,0.343395,0.16459,-0.471417,,,0.716041,7
0.105951,0.421846,-0.437364,-0.273938,,,0.687953,5
-0.162049,-0.306287,-0.011825,0.158138,,,0.492295,7
0.481071,0.098097,-0.13418,0.260176,5.88976,,0.368373,5
-0.493982,-0.387729,0.254136,-0.031322,,4.227848,0.181527,7
0.125883,0.306451,0.494473,0.315569,,,0.459386,8
0.429867,-0.07319,-0.135029,0.403895,,,0.788785,6
0.457432,-0.461775,0.002337,-0.484851,,,0.272544,7
0.174326,-0.184375,-0.036999,-0.052414,,,0.872277,7
0.393035,0.110792,0.167643,-0.462026,,,0.803838,8
0.008585,-0.337836,-0.14508,-0.048804,1.687192,,0.672381,6
-0.210728,-0.360616,0.488805,-0.017776,5.523583,,0.704482,7
0.224286,-0.059662,0.26797,-0.14895,,,0.600114,6
0.435945,0.193135,-0.458813,-0.092623,,,0.31779,7
-0.335912,0.006319,0.102305,0.238733,,,0.639638,5
0.492091,-0.086315,0.245961,0.001017,1.91634,,0.826917,5
0.386641,-0.059172,-0.094554,-0.133743,,,0.833492,5
-0.114166,0.190947,0.423329,0.397773,,,0.740303,8
0.399766,0.402908,0.008472,0.181789,,,0.703944,5
-0.177249,-0.140208,0.179386,-0.260125,2.31819,,0.875326,5
0.228267,0.038749,0.422804,-0.428267,,,0.158805,6
0.277499,-0.266418,0.451331,0.12779,2.972196,,0.739847,7
0.242785,-0.161302,0.147934,0.215992,,,0.203876,8
-0.094617,0.024924,0.209228,0.134787,0.386884,,0.830194,7
0.396594,0.256685,0.376962,-0.223509,0.241474,,0.610145,8
-0.365788,0.22378,0.2141,0.213068,,,0.370979,8
0.179248,0.000907,-0.180929,0.00439,,,0.753796,5
-0.362412,0.014673,-0.402751,0.285243,,,0.936239,5
0.330579,-0.243035,-0.424709,-5.2e-05,,,0.59142,8
-0.134952,-0.379764,0.47919,0.128622,12.888173,,0.321944,7
0.23769,-0.066766,-0.418221,-0.07361,0.028858,,0.369682,8
-0.33792,0.101514,-0.004573,-0.122879,,,0.206327,7
0.134101,-0.16235,-0.422439,0.493172,,,0.770624,5
0.136275,0.496934,-0.397907,-0.122163,1.27752,,0.745911,6
-0.331179,0.048774,0.18016,-0.265205,0.962534,,0.676593,8
0.473478,0.099656,-0.431036,0.494717,,,0.691554,6
0.436242,-0.301193,0.305787,0.367557,3.459383,,0.379722,5
0.176703,-0.33351,-0.312033,0.14829,,,0.830929,5
0.300665,-0.031081,0.18536,0.071941,,,0.81605,8
0.491385,-0.142944,-0.186117,0.221195,0.245703,4.389676,0.681803,5
-0.424441,-0.222292,-0.23452,-0.136287,0.263429,,0.374258,8
-0.36558,-0.375889,-0.121162,-0.063415,1.671723,,0.862787,7
-0.3915,-0.241745,0.379562,-0.2848,,,0.636951,8
-0.313474,-0.422457,-0.226281,0.239979,,,0.39638,5
-0.378511,0.072753,-0.005237,-0.030289,,,0.574022,7
0.068893,-0.265656,-0.219336,0.38057,3.350563,,0.5603,5
0.148641,-0.010976,0.366369,-0.386664,,,0.661477,7
-0.222003,0.160592,-0.095524,0.248736,,,0.752628,5
-0.353863,-0.435787,-0.478247,-0.005655,1.39119,,0.728283,5
0.368567,0.307698,-0.251567,-0.020273,1.867115,,0.881436,7
0.403189,-0.255823,0.220942,0.371824,0.647791,,0.833884,8
0.031172,0.181165,0.184299,-0.152658,,,0.246466,8
0.210642,-0.384568,0.004808,-0.493473,,,0.33995,8
0.192247,0.243089,-0.302627,-0.238656,,,0.686362,7
-0.185062,0.453553,0.175803,0.202152,1.11287,,0.771696,5
0.011006,-0.299448,0.279904,0.355243,,,0.636911,8
0.370835,0.338753,0.290375,-0.173155,1.918764,,0.916411,5
0.479201,0.118001,0.332799,-0.24954,,,0.381737,5
-0.24799,-0.159287,-0.277508,0.393824,,,0.788923,5
-0.063371,0.171104,0.360398,-0.046885,1.534063,,0.352657,7
0.337844,0.269444,0.121576,-0.421676,,,0.610794,6
-0.469047,-0.332005,0.494142,0.477565,4.717619,,0.814945,7
0.072712,-0.087712,-0.234089,0.273753,,,0.862258,5
0.476983,-0.452022,0.207916,0.289784,0.570577,,0.451193,6
0.18218,0.329609,0.490239,0.019444,,,0.779642,7
0.294277,-0.32914,-0.24005,0.04875,4.671492,0.632678,0.484614,7
0.088781,0.428899,-0.188461,-0.050862,,,0.760887,8
-0.49,-0.351521,-0.319511,-0.311368,,,0.659313,7
-0.179057,0.081333,-0.413084,0.446484,,,0.932963,7
0.163692,0.35514,-0.013784,-0.114724,,,0.71246,8
0.471596,0.259388,-0.200834,-0.491298,,,0.64197,6
0.394055,-0.326345,0.320118,0.012383,,,0.311699,8
-0.025514,0.190659,0.053288,0.339884,,,0.940773,7
0.440272,-0.245278,-0.288315,-0.390278,,,0.761567,8
-0.137115,-0.332988,0.405146,-0.189114,,,0.706384,6
0.462264,0.423171,0.252715,0.186961,,,0.755201,7
-0.263074,-0.209893,-0.049209,-0.083153,1.408128,,0.888292,7
-0.320441,0.15877,0.465816,0.482799,,,0.613124,6
0.118635,0.254877,-0.299707,0.050772,,,0.796639,6
-0.082248,-0.012471,0.381545,0.017419,4.564075,,0.671882,7
-0.303303,0.115286,0.37656,0.02997,,,0.635066,8
-0.313983,-0.106046,-0.06596,-0.407811,3.843599,,0.401188,6
-0.199132,0.179463,0.327423,-0.202785,,,0.237989,7
-0.192564,-0.207743,0.196516,0.233592,,,0.766241,7
0.156079,-0.134708,-0.15161,-0.008019,1.782918,,0.385976,7
-0.121589,0.023738,0.127238,0.164918,,,0.801297,8
0.052009,0.070725,0.400754,0.21719,,,0.644153,5
0.032919,-0.30048,-0.098457,-0.023621,,,0.553613,7
-0.028749,0.169402,0.435521,-0.219409,,,0.573962,7
0.188018,-0.396352,-0.269179,-0.122857,6.136287,,0.947308,5
-0.18806,0.000523,0.44887,0.126016,2.412767,,0.796527,7
-0.378449,-0.14963,0.426967,-0.392885,,,0.823992,8
-0.38709,0.376492,0.179661,0.249598,,,0.671921,7
0.23304,-0.421042,0.493677,-0.181159,,,0.493339,8
-0.447462,-0.256785,0.301386,0.33476,1.463523,,0.709218,5
0.324349,-0.091551,-0.310251,-0.073856,,,0.587622,6
-0.456369,0.077539,0.075335,-0.000397,4.533847,,0.751559,8
-0.242033,-0.271664,0.406566,-0.101369,2.337002,,0.829433,7
-0.335169,-0.428984,0.060117,-0.417514,,,0.477219,7
0.269939,0.014,-0.4774,0.43745,,,0.154319,7
0.366202,-0.011883,-0.494369,0.096038,,,0.644097,7
-0.298908,0.445161,0.227384,-0.201269,,,0.893284,5
-0.312701,-0.169456,0.474091,-0.175561,,,0.461092,5
0.285001,-0.17274,-0.45565,0.076642,1.219457,,0.615709,7
0.209476,0.018806,-0.498887,0.158252,3.068805,,0.837951,8
0.102058,-0.160895,0.234471,0.453651,3.308073,,0.44856,8
-0.069783,-0.386823,0.007167,0.41159,2.778961,,0.649279,6
0.322072,-0.16392,0.398007,0.167324,,,0.732504,7
-0.257131,-0.063699,0.406847,-0.474205,,,0.824052,7
0.010077,-0.49498,-0.402402,0.229666,,,0.743695,6
-0.106625,-0.465625,-0.409743,0.390815,,,0.826341,6
0.379478,0.082586,-0.488617,-0.281481,,,0.65407,7
-0.421513,0.356329,-0.175446,-0.19301,,,0.924781,5
0.133378,-0.08376,0.139273,0.104084,7.324934,,0.43496,8
0.464525,0.243132,0.089701,0.338725,0.058517,,0.355226,7
0.371607,0.217451,-0.074057,0.347852,,,0.531139,7
0.108038,0.193696,-0.196679,0.421176,,,0.091458,8
-0.043923,-0.499618,-0.401809,-0.043422,,,0.473204,7
-0.483065,0.302208,0.307038,0.24951,1.081858,,0.736872,8
0.256756,0.487948,-0.491997,-0.175118,,,0.494568,6
0.382691,-0.100163,-0.069316,-0.301746,2.21618,,0.744267,6
-0.354911,-0.074088,-0.394955,-0.08769,4.56336,,0.110133,8
0.170467,0.12191,-0.405083,0.130738,15.513123,,0.304835,8
-0.376931,0.348479,0.256547,0.298267,,,0.226708,6
0.138153,-0.256519,-0.359468,0.135897,,,0.678616,5
-0.353335,-0.384318,-0.110895,-0.006496,2.214457,,0.505471,5
0.297532,0.206916,0.304164,0.423949,6.713303,,0.491941,6
0.112595,0.140428,-0.343794,0.045373,,,0.297041,5
-0.192359,0.048424,-0.180752,0.392662,1.677657,,0.400677,6
0.192271,-0.255266,-0.158163,0.067816,,,0.351579,6
-0.423589,0.483592,0.140877,-0.101485,,,0.462113,8
-0.244507,0.452249,0.161141,0.193015,1.2336,,0.14723,7
0.368316,0.056957,0.061984,-0.274424,1.817616,,0.217644,7
0.131784,-0.193143,0.012426,-0.172345,,,0.468191,7
-0.008438,0.048299,0.21507,-0.183244,,,0.558921,7
0.001597,-0.474148,0.185204,-0.470213,,,0.148053,5
0.476017,0.442319,0.157407,-0.315574,3.829785,,0.517829,7
-0.268699,0.418844,-0.2342,-0.239353,,,0.566679,8
0.360732,0.316301,0.498404,0.046165,,,0.289439,7
0.046127,0.206723,0.304672,0.188377,9.721874,,0.669159,6
-0.052592,0.330907,-0.293988,0.270289,,,0.790533,7
0.403955,0.121942,0.106044,-0.156107,,,0.454458,8
0.26374,0.379217,-0.004422,0.322759,,,0.652488,8
-0.184845,-0.373604,0.101883,0.264811,,,0.651758,6
-0.268825,-0.393005,0.242907,-0.404434,,,0.602521,6
-0.498963,-0.252602,0.110117,0.488672,,1.044072,0.683159,7
-0.21052,0.358626,0.013815,0.2067,,,0.708079,5
-0.007707,-0.06568,0.472418,-0.041689,,,0.442098,8
-0.262591,0.1823,0.428994,0.00742,,,0.428961,7
0.249094,-0.102974,-0.032333,0.005231,,,0.836532,6
-0.089039,0.018569,-0.296964,0.067348,1.697451,,0.708809,8
0.123038,0.181684,0.066695,-0.357796,10.024455,,0.310772,6
-0.470295,0.16993,0.496389,0.326199,,,0.789424,6
0.38129,0.276099,-0.233734,-0.418125,,,0.725671,7
0.260733,0.06911,0.090614,-0.23126,,,0.756137,6
0.173313,0.030821,0.100034,0.452844,,,0.407793,6
0.111723,-0.308015,0.427002,-0.1349,,,0.643404,5
0.028684,0.495364,-0.330812,-0.298538,,0.259357,0.389951,7
-0.346536,-0.197245,-0.266079,0.419978,0.956101,,0.208493,7
-0.003577,-0.087525,0.042585,-0.195195,,,0.344294,5
0.094392,0.26109,0.324694,-0.171795,1.809729,,0.367718,8
0.133974,0.224873,-0.228374,0.044901,,,0.345474,6
0.401574,-0.436472,0.295273,0.00551,,,0.665966,6
0.160686,0.384149,0.486607,0.018981,4.24229,,0.753599,8
-0.161808,0.192959,0.488969,0.095542,1.907748,,0.638939,5
0.203591,0.319618,0.243651,0.447277,,,0.585328,6
-0.013268,-0.188405,-0.181094,-0.124209,7.190331,,0.890527,8
0.32371,-0.487347,0.432188,0.314117,,,0.435676,5
-0.254826,0.484593,0.14198,0.28329,4.627191,,0.733874,5
0.373758,-0.135663,0.103328,0.010316,11.580586,,0.670965,5
0.057186,-0.206993,0.076066,-0.223261,0.189851,,0.844705,7
-0.388375,-0.204338,-0.429614,0.238462,2.393006,,0.407035,6
-0.483182,-0.287905,-0.140734,-0.374712,,,0.524675,8
0.022116,0.166933,0.492913,-0.039779,1.329433,,0.283237,5
-0.479679,-0.489417,-0.184169,-0.144238,,,0.642706,7
-0.126463,-0.325552,0.033543,0.13282,,,0.510991,6
-0.054789,0.398883,-0.099843,0.382527,,0.661494,0.869665,5
-0.490213,-0.265623,0.156765,0.110264,,,0.716432,8
0.003025,-0.200316,0.447863,-0.275121,,,0.586069,6
0.266623,0.069486,0.447586,-0.298897,,,0.653336,6
-0.347741,-0.351404,-0.0474,-0.485929,0.160147,,0.402293,7
0.21221,-0.389982,0.290911,-0.054505,,,0.535099,7
-0.126697,0.366238,-0.091664,-0.421827,,,0.848029,8
-0.372514,0.386984,-0.223367,0.017058,,,0.584749,7
0.201827,0.363569,0.378213,0.203145,2.793671,,0.666205,5
0.421704,0.491731,0.320983,-0.458496,,,0.392783,5
0.477679,0.484699,-0.153644,-0.095673,,,0.048403,7
0.041782,0.374752,-0.479217,0.153249,3.780912,,0.431587,7
0.434987,0.081959,-0.196978,0.173699,,,0.439118,6
-0.361742,-0.102768,0.241477,0.49683,1.346628,,0.590563,5
0.303994,0.088808,0.29933,-0.088401,,,0.787905,8
-0.055621,-0.187535,-0.240605,0.018524,2.851059,,0.692568,6
0.275391,0.190184,-0.063493,-0.331374,3.803339,,0.419078,5
-0.211461,-0.116683,-0.430189,-0.063792,4.647719,,0.94294,7
-0.278433,0.06454,-0.171152,-0.403189,,,0.506889,8
-0.109823,0.337774,-0.081446,-0.024502,,,0.439583,6
-0.296144,-0.352622,-0.356833,0.261217,,,0.650478,8
0.339518,0.48181,0.38399,-0.296895,,,0.338931,5
-0.323797,-0.134236,-0.031994,0.190058,,,0.661334,6
-0.32663,-0.231499,-0.46102,-0.20275,,,0.56725,8
-0.139518,0.443703,-0.405955,-0.319815,4.274551,,0.163044,5
-0.342843,0.257526,-0.360586,0.320092,6.922985,,0.845378,7
0.232073,-0.469629,-0.352579,0.147117,,,0.603067,8
0.466105,-0.356978,-0.254757,0.457221,0.044081,,0.683487,7
-0.46924,-0.461804,-0.080482,-0.118426,3.168565,,0.811841,6
-0.313076,-0.214679,-0.484069,-0.259233,0.312773,,0.295878,6
0.05258,0.485022,-0.168477,-0.166832,,,0.394088,7
0.368352,-0.3499,0.461762,0.400661,,,0.418082,6
-0.028441,-0.32897,-0.200594,0.147535,,,0.657889,8
0.165376,0.365166,-0.005719,0.310065,,,0.322503,6
0.107758,-0.287593,-0.479224,-0.197827,,,0.814282,5
-0.176958,0.429766,-0.255114,-0.400619,,,0.43158,8
-0.11721,0.164757,-0.071095,0.288736,,,0.739737,7
0.102364,-0.297566,0.054449,0.471347,,,0.92029,5
0.295693,-0.319184,0.253546,0.186749,0.721726,,0.274702,6
-0.100463,0.296315,0.043838,-0.423072,,,0.534873,5
0.067145,-0.333979,-0.268767,-0.336246,,0.15358,0.356246,5
0.12883,0.035559,0.142168,-0.073827,,,0.821976,6
-0.490673,0.154304,0.35304,0.255168,,,0.607111,6
-0.099566,0.377318,-0.007773,-0.074681,,,0.466449,5
-0.238036,-0.389953,-0.00166,-0.227972,,,0.509968,5
0.17085,0.437851,-0.414849,-0.411433,,,0.561202,5
0.005533,0.333082,-0.227779,-0.362363,,,0.830015,7
-0.461812,-0.118788,-0.219428,-0.425537,2.260511,,0.841527,5
-0.027416,0.316784,0.130324,0.137151,,,0.737294,8
-0.168671,-0.110288,0.412704,-0.458149,,,0.891073,5
-0.457351,0.00651,-0.246732,0.240538,6.808225,,0.445205,8
0.426738,0.148559,-0.422824,0.213962,4.832713,,0.729104,8
-0.330436,0.086606,0.28945,-0.331445,,2.299085,0.711524,5
0.40022,-0.175567,0.392571,-0.455188,,,0.300935,8
0.179323,0.020087,-0.479988,-0.154836,5.529097,,0.430002,8
0.121384,-0.061991,0.182027,0.378651,6.031671,,0.331673,5
-0.356934,-0.266226,-0.472295,-0.284921,3.138619,,0.929559,8
0.159778,-0.204872,0.105585,-0.463017,,,0.678899,5
0.400454,0.029826,0.405278,0.33176,,,0.433682,8
0.324205,-0.392677,0.025751,-0.102246,5.653488,,0.57933,5
0.429291,-0.440046,0.180813,0.386964,,,0.739628,5
0.395236,-0.368433,0.45149,-0.095733,,,0.553741,6
-0.435959,0.486976,0.320854,-0.443536,7.624309,,0.893552,6
0.270872,-0.498774,-0.227403,0.251054,0.415908,,0.650627,5
-0.460247,0.251057,-0.460567,-0.367602,2.59796,,0.572475,6
0.065498,-0.37857,-0.091264,-0.459931,0.029678,,0.539638,8
-0.326013,0.465477,0.233959,0.087435,5.488092,,0.40315,8
0.477246,-0.490719,-0.204296,0.411536,1.249812,,0.595788,6
0.365315,0.187195,0.068795,-0.038664,,0.355775,0.826587,5
-0.322124,-0.23165,0.353165,-0.039724,,,0.830047,5
-0.209937,0.332116,-0.232131,-0.23806,,,0.802723,5
0.385434,0.094418,-0.496855,-0.232396,,,0.448005,7
-0.419164,-0.463003,-0.304036,0.221422,0.953759,,0.798329,7
-0.325181,0.201464,-0.215521,0.228331,,,0.919134,6
-0.431443,0.324556,0.234472,-0.491522,6.794394,,0.567168,6
0.413905,0.262921,-0.03197,0.343642,,,0.714569,7
-0.466749,0.385465,0.246932,0.348423,,,0.486994,5
0.011268,-0.093612,-0.337981,-0.156141,,,0.585435,5
-0.184641,-0.415947,0.305205,-0.045367,2.144278,,0.497205,8
-0.279437,-0.083224,-0.363488,0.125839,,,0.497184,8
0.048287,-0.267594,-0.391522,-0.440544,,,0.338502,6
-0.089221,-0.270934,-0.32564,-0.498473,,,0.730694,8
-0.129228,-0.026983,-0.399075,-0.458042,,,0.564301,5
-0.483546,-0.392353,0.28887,0.313925,1.268151,,0.375369,6
0.263842,0.28876,0.439372,-0.467931,,,0.112413,6
-0.339434,-0.440094,-0.012196,-0.173757,,,0.884772,7
-0.205973,0.365668,-0.094805,-0.173845,,,0.614768,7
0.173265,-0.420607,0.293369,0.046607,0.716187,2.04213,0.575838,5
0.456381,0.188591,0.356468,-0.106119,,,0.403838,8
0.261106,0.350461,0.130457,0.125681,,,0.544957,8
0.304026,-0.09399,-0.284998,0.267015,,,0.606926,6
0.48554,-0.259669,-0.140718,0.064325,4.247482,,0.330851,7
0.189498,0.294002,-0.01208,-0.285369,8.839384,,0.885753,7
-0.063988,-0.28161,0.012284,0.358879,7.105968,,0.712168,8
-0.343777,-0.428862,0.428274,0.291142,,,0.665956,6
-0.41456,0.001127,-0.315861,-0.490462,0.968582,,0.78345,5
0.065301,0.114287,0.334536,-0.416407,1.526504,4.017837,0.566371,5
0.093936,0.226413,0.493258,-0.042691,,,0.49865,8
0.051089,0.328179,-0.080789,-0.114118,,,0.428704,7
-0.298921,0.168413,-0.497372,-0.257789,0.30369,,0.758896,6
-0.040671,0.074518,0.129333,0.084191,,5.35153,0.728099,8
0.350368,0.091393,-0.238187,-0.065684,,,0.843451,6
-0.174362,0.403936,0.455604,-0.398819,,,0.764644,8
-0.26092,0.449423,-0.264863,0.328719,0.395546,,0.612656,5
0.24901,-0.144457,0.267255,-0.247412,1.428274,,0.80953,6
-0.388726,-0.359636,-0.364725,0.401685,3.535578,,0.383693,8
0.479727,-0.330069,0.283954,0.403371,,,0.724762,7
0.466034,0.339385,-0.25798,0.114199,1.985979,,0.658071,5
-0.448593,0.008524,0.005148,0.239457,,,0.221459,8
0.427514,-0.274391,-0.251441,-0.460283,5.974892,,0.785996,6
-0.063982,-0.485034,0.363307,0.318176,,,0.462003,6
0.394966,0.101368,0.474946,0.156468,1.990228,,0.652356,5
0.067222,0.425791,0.204166,0.068487,,,0.39116,7
0.008839,-0.445504,-0.247581,0.440497,1.396393,,0.504626,6
-0.32259,0.441681,-0.038501,-0.032527,,,0.644951,5
-0.401009,0.127551,-0.346096,0.048621,,,0.326642,6
-0.35755,-0.446711,-0.071734,0.382684,2.690249,,0.389324,5
-0.292588,0.380407,-0.373788,-0.462526,,,0.775695,6
0.393463,0.177142,0.316534,0.176598,4.017364,,0.585253,7
0.476791,-0.098109,0.085218,-0.336169,4.21333,,0.718212,7
-0.125975,-0.481391,0.258073,-0.092273,,,0.52572,5
0.38233,0.392415,0.334414,0.39996,,,0.534698,5
-0.235357,-0.407494,-0.146015,-0.008764,,,0.736698,5
-0.101167,-0.304501,0.19666,-0.064955,,,0.877587,6
-0.226496,-0.284384,-0.274167,-0.286958,,,0.680921,7
-0.205726,-0.348615,-0.218139,0.42249,0.42666,,0.690585,7
-0.346221,-0.25142,0.414555,0.190705,,,0.560568,5
-0.265308,0.49733,0.224026,-0.243183,,0.773989,0.754244,6
0.492671,-0.147756,0.462246,0.35922,,,0.365103,6
0.177068,0.184903,-0.227172,0.117249,11.790704,,0.727759,5
0.247633,0.145384,0.366533,0.114231,,,0.166072,5
0.059707,0.279647,-0.030045,0.387545,0.506936,,0.877508,5
0.47379,0.306972,0.035895,0.186417,,,0.510261,8
0.238759,0.371689,0.077967,0.464704,3.403876,,0.822004,5
0.312204,-0.389619,0.329874,0.246429,,,0.441565,5
-0.22775,0.005832,0.256464,0.284884,,,0.842487,7
0.275284,0.011031,-0.486004,-0.186218,,,0.675836,5
-0.25489,0.377032,0.452278,0.19478,,,0.474811,5
0.424776,0.226579,0.080874,0.020506,1.501481,,0.468227,5
0.207232,0.257954,0.297575,0.479146,,,0.80296,7
0.103472,0.377534,-0.365012,0.275412,2.945741,,0.569008,7
0.104713,0.402369,0.196328,0.186245,,,0.096012,8
-0.442251,-0.188478,0.483095,-0.067835,,,0.527891,5
-0.322579,0.121333,0.458295,0.031554,,,0.444102,8
-0.456229,0.183125,-0.06246,-0.091466,2.235079,,0.511224,7
0.40714,-0.437725,0.47669,-0.323517,6.664425,,0.583323,8
-0.392442,0.377689,-0.200224,0.205749,,,0.361549,5
0.174428,0.036599,-0.476058,0.446914,,,0.511917,7
-0.376002,0.341581,-0.46927,0.077628,,,0.65167,7
0.164518,-0.381474,-0.398701,-0.064773,,,0.481326,5
-0.359722,-0.492927,0.260876,0.265443,5.051304,,0.650371,7
-0.274317,-0.182233,0.32585,0.057,4.19349,,0.810069,6
0.341411,0.210699,0.477051,0.042826,8.238024,,0.844519,5
0.492172,-0.330117,-0.112102,0.040571,2.303837,,0.703461,7
0.484716,0.490923,-0.390369,0.493768,0.223048,,0.524918,5
0.189832,0.069247,-0.416907,-0.205056,,,0.703598,5
-0.467171,0.36049,-0.366768,-0.452408,,,0.41326,7
-0.445015,0.026324,0.233883,-0.122174,,,0.319135,7
0.212345,0.37209,0.015834,0.156285,3.555368,,0.409414,8
-0.216342,0.421458,-0.100495,0.189815,0.531499,,0.499415,6
0.179894,0.232259,-0.430401,0.473446,,,0.867354,6
0.406274,-0.227142,-0.0598,0.213085,,,0.607784,7
0.357891,0.306525,-0.304886,0.106083,,,0.553873,6
-0.008355,0.291686,-0.294316,0.34108,5.242854,,0.845433,6
0.028481,-0.183662,0.099453,-0.491557,,,0.324689,8
-0.175733,-0.30298,0.378472,0.460761,,,0.246457,5
0.383145,-0.082892,-0.104704,0.068001,,,0.838592,7
0.375981,0.031557,0.420261,0.015431,,,0.627864,8
0.06388,0.459018,0.000354,0.221954,0.709439,,0.41345,5
0.391598,-0.416293,-0.201001,-0.415805,,,0.749139,5
0.203282,-0.111888,-0.144372,0.37073,1.345867,,0.575214,7
0.099202,0.358606,0.131588,-0.117857,,,0.726361,8
0.188603,-0.160021,-0.437828,0.288445,,9.38786,0.617153,8
-0.412721,0.455779,0.420298,0.471095,,,0.22744,5
0.383314,0.343101,0.063523,-0.025324,,,0.469099,7
0.370133,-0.096583,0.147208,-0.337902,,,0.683274,7
0.169446,-0.323717,-0.280093,0.228806,3.645151,,0.454856,6
-0.380473,0.35131,0.334865,-0.499168,,,0.910911,7
-0.144068,-0.411053,0.276392,-0.397708,,,0.634845,5
0.149396,-0.458466,-0.476785,0.210907,,,0.331857,8
-0.103837,-0.060555,-0.028464,-0.481954,1.196913,,0.414221,5
-0.45837,-0.080521,0.349779,-0.47729,1.017689,,0.405955,8
-0.460332,0.097653,-0.266403,-0.397473,0.31489,1.844095,0.695729,6
0.327262,0.171488,0.023997,-0.199266,,,0.590446,6
0.317113,-0.100512,-0.008714,0.145075,7.845035,5.516258,0.589431,5
0.030123,-0.488749,0.321406,0.358819,12.453034,,0.650148,5
-0.091692,-0.306172,-0.320027,-0.211056,,,0.822415,5
0.062047,0.364664,0.433602,0.267514,,4.535328,0.32377,7
-0.422841,-0.082072,-0.172462,-0.455748,,,0.779286,7
-0.090988,-0.294429,0.372623,-0.392596,,,0.803347,7
0.290552,-0.140735,0.437305,0.329645,1.856771,,0.336371,7
-0.145897,-0.384189,-0.159834,0.182601,,,0.57456,7
0.371172,-0.468317,-0.48184,-0.262213,,,0.915211,8
-0.038097,0.476688,-0.44625,0.199062,,,0.350418,8
-0.496091,0.417603,-0.417136,0.239279,1.989692,,0.289049,8
-0.435376,-0.464597,-0.220155,-0.479101,,,0.399884,6
0.346994,0.009,0.038812,-0.245954,,,0.315444,5
-0.433893,0.470831,0.42264,0.226776,,,0.731254,8
0.196991,-0.17035,-0.225413,-0.083595,0.699781,,0.430948,7
0.339655,-0.27106,-0.195664,-0.21758,,3.167615,0.537027,5
-0.396873,0.26983,0.170683,-0.457178,,,0.378979,7
0.341025,-0.260179,-0.104255,-0.172674,7.146946,,0.43865,5
0.423123,0.183851,0.439474,0.155307,1.703951,,0.210462,6
0.139849,-0.295925,0.004717,-0.131886,1.609468,,0.801073,7
-0.312704,0.224833,0.262369,0.214592,5.874917,,0.555615,7
0.498593,-0.0351,-0.250228,0.053865,,,0.624605,8
-0.404898,-0.434908,-0.340689,-0.246266,,,0.492233,8
-0.234927,0.107277,-0.273399,0.303308,,,0.223446,6
-0.303477,0.259545,-0.337213,0.229635,3.70058,,0.775418,7
0.105698,-0.403759,-0.47993,-0.200596,0.24294,1.380846,0.437782,6
0.203749,-0.434051,0.418419,-0.098318,,,0.485398,7
-0.070462,-0.059669,0.143275,0.412016,,,0.737266,8
-0.407092,0.16498,-0.099818,-0.132135,,,0.557295,5
-0.026433,-0.036669,0.077342,0.226932,,,0.707905,5
-0.310127,0.035866,-0.35076,-0.080084,,,0.403982,8
0.485731,0.214306,0.38026,-0.100392,0.830482,,0.556239,5
0.27682,-0.481987,-0.462421,0.494801,,,0.333959,7
-0.229271,-0.220816,0.211866,-0.278106,,,0.973167,5
0.222183,0.041237,0.37522,0.124498,,,0.329858,6
0.480621,0.245904,-0.370501,-0.459096,0.519712,,0.487812,7
-0.36478,0.215196,-0.245525,0.232069,,,0.132961,8
0.103488,0.029628,0.231075,-0.450034,,,0.307943,5
-0.162148,-0.217212,0.290542,0.121218,4.754029,,0.122553,5
-0.23319,-0.004338,0.107581,-0.206164,2.141648,,0.291106,7
-0.414305,-0.255058,0.198414,0.309704,2.723955,,0.274275,8
0.296841,-0.013629,-0.390908,-0.008115,1.636281,,0.236154,8
-0.434726,-0.178716,-0.392697,-0.026541,,,0.187313,8
0.346994,0.243481,-0.321138,-0.038239,,,0.829847,6
0.243642,-0.290346,0.370421,-0.273893,,,0.411127,8
0.4492,-0.453727,0.441734,-0.292247,,,0.713306,7
-0.320598,-0.078276,-0.419596,0.207586,,,0.53882,6
-0.375156,0.213058,0.257122,-0.276021,7.21497,,0.783142,8
-0.382371,0.072713,0.200828,0.391388,2.099539,,0.589532,6
-0.111665,0.497275,-0.338166,-0.180709,7.703343,,0.808199,8
0.331066,-0.296442,0.225215,-0.399487,1.277463,,0.800689,5
-0.303295,-0.107535,-0.203776,0.350002,,,0.907537,7
-0.152973,0.331893,-0.183197,-0.313018,,,0.56323,5
-0.165039,-0.460094,0.134582,-0.361174,,,0.635768,7
0.040098,0.204028,0.297436,0.122114,,,0.724685,7
0.477338,-0.174716,-0.146874,0.11958,1.264596,,0.947003,7
0.076538,0.190678,-0.059179,0.045929,2.353524,,0.507253,7
0.332401,0.038656,0.356751,-0.023819,,,0.796132,7
-0.20201,-0.018433,0.07606,-0.081279,,,0.592911,6
0.234725,-0.294137,-0.138236,-0.30268,,,0.595779,6
-0.441745,-0.065936,0.035997,0.260468,3.041349,,0.880532,6
-0.079411,0.131222,-0.458563,0.001263,2.212103,,0.420293,8
0.45424,-0.03296,0.192611,-0.422685,0.985603,,0.226649,7
-0.158768,-0.282855,0.389279,-0.483796,,,0.349582,6
0.064457,0.481403,-0.326297,-0.186103,6.438782,,0.453655,8
0.032538,0.244951,-0.200431,-0.028032,,,0.756974,7
0.271892,-0.031543,0.445666,0.183193,,,0.070952,5
-0.334392,-0.414114,0.387901,-0.08137,5.94134,,0.807533,6
-0.284878,-0.228301,-0.059887,0.202461,,,0.454111,7
-0.364578,0.383063,0.000173,-0.140017,1.670722,1.279311,0.667509,5
-0.296676,0.075629,0.379781,0.342391,,,0.479708,5
-0.291043,0.053876,0.307151,-0.480598,1.830313,,0.827474,8
0.250433,-0.32251,-0.150014,0.066859,,,0.749957,5
-0.484646,-0.036757,0.306234,0.179187,,,0.603859,7
0.269364,-0.374754,0.162825,0.077885,,,0.053245,5
-0.31914,0.249624,-0.150147,-0.356277,,,0.561218,8
0.388393,0.257004,0.019629,-0.178032,,,0.68502,6
0.278702,-0.304726,0.116488,-0.071144,,,0.976854,7
-0.187747,-0.388566,0.291927,0.420539,2.567729,,0.641094,5
-0.136824,-0.318855,0.444358,0.404043,0.51464,4.552095,0.483991,5
-0.458131,0.293985,0.419959,0.467592,,,0.845831,7
-0.050024,0.377024,0.138057,0.313408,,,0.365769,8
-0.422538,0.404131,0.251545,0.340826,2.175464,,0.285066,6
0.117079,0.444069,0.149831,0.361691,,,0.591196,5
0.076644,-0.408844,-0.276722,-0.291482,,,0.446821,8
-0.191661,-0.437469,0.180002,0.467841,,,0.188552,5
-0.37614,-0.294334,0.165242,-0.196098,,,0.715273,7
0.372873,0.354952,-0.220228,-0.42722,4.503231,,0.779014,5
-0.477516,-0.242078,0.36248,0.175873,2.747969,,0.197503,5
-0.014304,0.196123,0.020687,0.427907,0.123958,,0.792548,5
-0.270961,-0.414532,-0.441199,-0.082778,2.859161,,0.511314,8
-0.08913,0.176342,0.215735,-0.104367,,,0.626117,8
0.245396,0.341913,0.285319,-0.381432,0.511311,,0.433542,7
-0.026629,-0.060048,0.070391,-0.094641,0.574606,,0.786477,6
-0.489302,-0.08976,-0.368504,-0.374988,,,0.677204,8
-0.032836,-0.498367,-0.45616,0.1186,0.075333,,0.79668,5
0.42045,0.472183,0.316743,0.199598,,,0.547461,6
-0.39049,0.082883,-0.332226,0.282509,,,0.485004,8
0.122714,-0.339796,-0.471587,-0.448036,,,0.551922,5
0.054759,0.126807,-0.128798,0.214774,2.271773,,0.493391,8
0.487034,-0.337986,-0.202119,0.136346,,,0.292352,5
0.099456,-0.334822,-0.491862,-0.405999,,,0.326684,7
-0.101573,0.090589,-0.242845,0.106853,,,0.690117,5
-0.41153,0.478993,0.43524,-0.077066,,,0.662854,7
0.460165,0.411241,0.416949,-0.224556,,,0.743264,7
0.122403,0.045357,-0.035977,0.010786,0.668302,,0.892048,7
-0.468269,0.28424,0.378515,0.444806,1.001793,,0.452909,5
0.007059,0.343036,-0.342698,0.051232,3.084829,,0.825611,8
-0.066347,-0.18062,-0.213557,0.279649,,,0.573699,7
0.247832,-0.026179,-0.470987,-0.101672,6.001651,,0.479652,7
-0.016464,-0.264886,0.467483,-0.487732,,,0.808866,5
-0.411603,-0.430415,0.35734,0.050842,6.549293,,0.221042,5
0.149674,-0.217027,-0.073602,0.17768,,0.191251,0.887088,7
-0.322696,-0.410315,-0.37261,-0.001495,,,0.221415,8
0.374526,-0.236257,0.456722,0.049973,,,0.923216,8
-0.190942,-0.426615,-0.285594,0.048363,0.933674,,0.762201,5
0.214886,0.383029,-0.375947,0.466952,,,0.776856,7
-0.269769,-0.011038,0.071254,0.352889,,,0.731592,5
0.226324,-0.060093,0.145262,0.030635,,,0.139858,5
-0.220079,0.146923,-0.141524,0.084293,,,0.450582,7
-0.311576,0.0223,-0.488329,-0.028934,1.038674,0.408646,0.601374,6
-0.103153,-0.138883,-0.122899,0.210786,4.082577,1.864781,0.85698,7
-0.135559,0.012295,0.250734,0.233311,17.420665,,0.417599,7
-0.253665,0.106822,-0.351579,-0.158338,,,0.401841,8
0.029968,0.428873,0.308252,-0.040798,,,0.567129,8
-0.261359,-0.278563,0.196868,0.496038,,,0.766757,7
0.172244,0.41462,0.450653,0.083,,,0.511599,8
-0.421934,0.100387,-0.462496,-0.243204,8.488531,,0.607349,5
0.042743,0.167979,-0.328858,0.330779,,,0.856525,5
0.26945,-0.313119,-0.342367,-0.340568,1.809057,,0.875546,7
0.298632,-0.117948,-0.15632,-0.344142,0.978279,,0.797638,5
-0.102597,0.269182,-0.0792,-0.336905,1.040385,,0.536088,8
0.227514,-0.390129,-0.168452,-0.016907,,,0.653838,8
-0.188241,-0.23382,-0.252603,0.116827,,,0.321415,5
0.08057,0.415195,0.020544,0.497624,,,0.92505,5
0.182342,-0.171614,-0.302183,-0.42685,2.708393,,0.205624,5
0.270949,-0.303817,0.438,-0.074894,,,0.81826,5
0.327338,-0.189771,-0.142595,-0.29457,2.691827,0.726483,0.555464,7
-0.155513,-0.436054,0.172659,-0.140061,,,0.810523,8
-0.499817,-0.448211,0.423745,0.326053,,,0.255345,8
0.237169,0.193719,0.449832,0.015805,,,0.275515,6
0.475368,-0.116963,0.146245,0.419817,,,0.698346,7
-0.351567,0.355309,-0.17831,0.002676,0.62095,,0.716884,6
0.273323,0.274152,0.499598,-0.099675,,23.548719,0.729975,6
0.029419,0.344695,0.034231,0.169855,1.165902,,0.821315,5
-0.340831,0.273868,-0.290558,-0.064579,,,0.355174,6
0.248576,0.082187,-0.469921,-0.143921,,,0.497249,8
-0.364928,0.040412,0.000644,0.107658,0.259182,,0.680746,6
0.447874,-0.036482,0.011226,-0.253106,,,0.522767,7
-0.38003,0.223047,-0.145514,0.229973,,,0.865113,8
-0.38372,0.205782,0.185576,-0.110036,7.024915,,0.581654,5
0.470138,0.444214,-0.081632,0.169617,,,0.615917,6
-0.490432,0.266428,0.0706,-0.439953,,,0.820928,7
-0.135806,0.38533,0.341812,0.327446,,,0.625001,6
-0.457344,0.292342,0.033658,0.176727,,,0.750291,6
0.142804,0.240949,-0.39785,-0.03092,,,0.257064,7
0.094266,0.390765,-0.40325,-0.451327,9.688827,,0.881749,8
-0.281331,-0.446197,0.241023,0.076874,,,0.6386,8
-0.135752,0.317527,-0.364287,0.419578,,,0.389675,6
0.123129,0.210455,-0.357375,-0.025092,2.130198,,0.431141,7
0.17046,-0.465876,0.405688,0.402023,,,0.728361,7
-0.110837,-0.306242,-0.412683,0.466466,3.031465,,0.63135,5
0.429839,-0.023529,0.100552,0.289741,,,0.910915,8
-0.212353,0.343114,-0.090369,0.346118,,,0.821774,5
0.209933,-0.050202,0.103387,-0.286673,8.215903,4.208425,0.726624,8
-0.075878,-0.341271,0.178103,0.418137,,,0.543162,5
0.395076,-0.107986,0.419503,-0.299347,0.333484,,0.710604,7
0.437551,-0.435809,0.414417,-0.258892,,,0.85112,5
0.23765,-0.061428,0.13208,0.441191,,,0.656055,7
0.082501,-0.026637,-0.306119,-0.299293,,,0.392666,6
-0.35122,-0.374528,-0.117609,0.38749,2.406037,0.412637,0.776372,6
0.392052,0.303458,0.37423,0.270416,1.568827,,0.581159,8
0.203005,-0.039559,-0.41119,-0.28065,0.935359,,0.462909,6
0.082823,-0.269774,-0.216907,0.230701,,,0.945745,6
-0.301307,-0.386994,0.073739,-0.014031,5.925828,,0.659659,7
0.099662,-0.402416,-0.411953,-0.060251,0.742084,,0.794462,6
-0.490634,-0.295504,0.235257,-0.073494,10.368554,,0.513373,8
0.186448,0.418851,-0.159765,0.322371,6.185014,,0.758025,7
0.298293,0.395599,0.146787,-0.135373,,,0.305709,7
-0.407063,-0.173584,0.348103,-0.096516,2.53503,,0.835764,5
-0.298179,0.491896,-0.434398,0.179651,,,0.473152,6
0.281181,-0.315612,-0.496447,0.352032,,,0.404781,5
-0.27479,0.002953,-0.277103,-0.020577,1.20656,,0.476096,5
-0.172999,-0.264956,-0.19707,0.40398,,,0.584827,5
0.279758,0.44595,0.306587,-0.228795,,,0.668824,8
0.096132,-0.126689,0.453043,-0.294225,,,0.602654,5
-0.458941,-0.260081,0.170788,0.349448,,,0.83435,6
0.04926,-0.225184,-0.37644,0.309797,,,0.861586,7
-0.033181,-0.481479,0.470948,0.099206,1.128905,,0.726144,6
0.092012,0.206318,0.222036,-0.13909,1.830502,,0.437157,5
-0.148711,0.242952,0.497624,-0.459825,,,0.715323,5
-0.317319,-0.163297,-0.349367,-0.025488,,,0.597856,6
-0.221181,-0.356029,0.096629,-0.052288,,,0.350987,8
-0.287975,-0.240288,-0.394954,-0.017747,6.382907,1.103219,0.70742,8
-0.199822,-0.373134,-0.04155,0.204732,,,0.86247,6
0.404936,0.016856,-0.22174,-0.056461,,,0.643826,5
-0.121883,0.021227,-0.495708,0.02527,,,0.177379,8
-0.186868,-0.342514,-0.341233,-0.145484,,,0.488522,5
-0.339914,0.485875,0.014089,-0.160934,0.799363,,0.671682,8
0.369259,0.213507,-0.095351,-0.124536,1.42166,,0.506382,6
-0.088917,-0.218418,-0.070109,-0.131363,,,0.914361,8
0.325635,0.491745,0.282155,-0.206653,,,0.62999,7
-0.230674,-0.225015,0.009746,-0.156803,,,0.877219,7
0.29649,0.105605,0.007439,-0.1673,,,0.572008,5
-0.311299,-0.328562,-0.454336,0.158618,,,0.282283,6
-0.471339,-0.282742,-0.421875,-0.369363,0.217424,,0.626774,7
-0.047186,-0.022693,0.187562,0.298782,4.461555,,0.245756,7
-0.190107,-0.008197,0.22071,0.206209,5.858743,,0.618837,5
0.391528,-0.075343,0.286157,-0.037478,,,0.528732,5
-0.228296,0.47169,-0.014701,-0.044441,,,0.506359,5
-0.409136,0.353967,-0.325356,-0.48023,,,0.602138,6
0.034793,0.110431,0.013943,0.154842,2.338438,,0.675763,8
-0.283412,0.034578,0.351363,0.013603,,,0.504061,8
0.289436,-0.475999,-0.114761,-0.149807,1.320692,,0.416131,6
-0.095839,-0.17385,0.365932,-0.151155,,,0.48922,5
-0.242164,-0.298748,0.428316,-0.053918,,,0.809716,6
0.062569,-0.170345,0.093522,0.386849,1.433422,,0.258641,5
-0.074448,-0.455529,-0.018142,-0.304014,,,0.962137,6
0.472744,-0.290092,-0.40703,0.146086,6.518733,,0.520766,8
-0.421718,0.058127,0.009557,-0.009003,1.650442,,0.052341,8
-0.242627,0.09622,-0.455553,0.310013,,,0.689448,5
0.205363,-0.121994,-0.412753,0.073848,,,0.860158,7
0.342129,-0.0382,0.341655,0.286552,,,0.124433,7
-0.303729,-0.429639,-0.222747,-0.338778,,,0.660671,6
0.113128,0.029359,-0.307481,0.092055,0.37821,,0.749339,6
0.409345,0.326288,0.298422,-0.408343,,,0.393419,5
-0.076176,-0.496489,-0.256804,0.133342,,,0.580971,8
-0.372977,0.379196,-0.002693,-0.192,1.448843,,0.734685,5
0.411078,-0.097515,0.291525,0.472779,,,0.680769,6
-0.417534,-0.170053,0.238795,0.075374,,,0.775198,8
0.467188,0.064039,-0.291021,-0.053107,0.554574,,0.652314,7
-0.372738,-0.191784,0.358375,0.085677,,,0.404519,8
-0.032834,-0.246793,0.011543,-0.111959,,,0.800281,8
-0.007301,-0.299716,0.338777,0.35371,1.991014,,0.263611,8
0.195154,0.111352,-0.375086,-0.093227,,,0.763102,6
-0.183246,-0.266661,0.226144,-0.098349,,,0.695685,5
-0.162376,-0.463782,0.37758,-0.034126,,,0.612718,6
-0.327946,-0.404976,-0.08829,0.307104,,,0.729636,5
0.198101,-0.298689,-0.046468,-0.054053,,,0.896544,8
-0.050636,-0.0629,-0.335167,0.261987,0.359562,,0.265721,8
0.156659,0.024241,-0.405261,-0.182169,,,0.387052,8
0.240767,0.324916,-0.465698,0.212809,,,0.410986,8
-0.427176,0.157401,0.21014,0.072449,,,0.606378,7
-0.055743,-0.012133,0.173778,-0.02237,0.803644,,0.698368,6
-0.107649,0.209289,0.242924,0.355533,3.073021,,0.927553,8
-0.447696,0.13767,-0.125133,-0.149902,,,0.733446,6
-0.286976,-0.167598,0.486764,0.355298,,0.230098,0.889696,6
0.246199,-0.366266,-0.120446,-0.353929,0.845825,,0.505415,7
0.016995,0.386754,0.445879,-0.268495,,,0.647069,5
0.228134,0.340251,0.384303,-0.020956,3.628235,,0.611192,5
-0.283519,0.046968,-0.000445,0.481012,,,0.521631,5
0.164851,0.220378,0.459288,-0.195955,11.536855,,0.583893,8
-0.256155,-0.010583,0.332753,0.394167,0.544388,0.443548,0.876627,6
-0.158242,-0.145725,-0.03349,-0.457704,,,0.39407,7
-0.094292,-0.26237,0.084804,-0.394757,,,0.716709,7
0.166083,-0.176467,0.254546,0.470143,,,0.785276,7
0.494653,-0.191211,0.389752,0.109353,,,0.383165,8
-0.434817,-0.495942,-0.375401,-0.424373,,0.088363,0.773168,5
0.238555,0.411899,0.489426,0.388566,,,0.582876,6
0.144698,0.481818,0.285921,-0.030557,1.2012,,0.717107,6
-0.419765,-0.293617,0.326087,0.33171,1.061036,,0.577404,7
-0.161901,-0.166054,-0.200993,-0.061544,,,0.679928,8
-0.22893,0.218457,-0.413904,0.068347,,,0.690984,6
-0.35716,-0.200783,0.348672,-0.480045,,,0.861935,8
0.300199,-0.202658,-0.055147,0.002555,,,0.488854,7
-0.480453,-0.01531,-0.128117,-0.342092,,,0.323867,5
-0.479861,0.165361,0.430817,0.283796,0.393767,,0.67013,7
0.104546,-0.253986,-0.032499,0.37601,1.608719,,0.559895,8
0.254644,-0.157639,0.323539,0.361714,3.921626,,0.56467,6
0.020975,0.034711,-0.499374,-0.302359,,,0.33665,8
-0.1476,-0.371384,-0.144133,0.192284,5.793531,,0.702497,5
0.091762,-0.250651,-0.219512,0.434122,,,0.182187,5
0.062853,-0.366098,0.231149,-0.391473,,,0.47554,6
-0.214106,-0.126296,0.440543,-0.112494,,,0.690851,7
0.444653,0.47273,-0.495094,0.003801,,,0.517346,6
-0.4071,0.167423,-0.06782,0.100827,,,0.403655,6
-0.126796,0.478438,-0.270331,0.212855,,,0.203665,5
0.452731,0.20202,0.070841,-0.118893,,,0.760734,6
-0.255529,0.206478,0.248258,0.07455,,,0.674132,5
-0.130338,0.467471,-0.469118,0.071837,7.874352,,0.59071,6
-0.284333,-0.31608,0.416077,-0.245725,,,0.499292,8
-0.336361,0.190798,-0.439118,-0.46949,,,0.186932,5
0.431452,-0.221206,0.481848,-0.405264,0.187786,,0.619119,5
-0.374232,0.04205,0.335721,0.43294,,,0.804619,7
0.213136,-0.239073,0.467486,-0.170951,,,0.511509,7
-0.434683,-0.42624,-0.035943,0.360736,4.302882,,0.21095,8
-0.16438,0.158383,0.423205,0.429577,,4.29781,0.351463,6
0.393369,-0.46743,0.203888,0.445939,1.680849,,0.724412,6
0.046884,0.264839,-0.24284,-0.272194,,,0.779612,6
0.380142,0.410128,-0.261605,-0.442755,4.125071,,0.813024,5
0.104136,0.008434,-0.389062,-0.293933,,,0.803338,6
-0.283697,0.388198,0.357667,-0.004695,,,0.565784,6
0.433628,-0.10312,0.051117,-0.145796,,7.725277,0.329941,6
0.202195,-0.282274,0.001694,0.461473,,,0.37758,6
-0.348719,-0.208368,-0.256479,-0.237057,,,0.825276,5
-0.284803,-0.12166,-0.400468,-0.006316,,,0.540935,8
-0.079117,-0.382765,-0.025504,0.019964,,,0.795744,6
0.159441,0.129947,0.037924,-0.107927,,,0.528502,8
0.371048,-0.047344,0.45868,-0.116144,,,0.938692,8
0.348468,-0.025238,0.301097,0.41903,,,0.772086,8
-0.470755,0.165862,-0.046066,-0.045853,,,0.660302,5
-0.214484,-0.408396,-0.055615,0.425937,0.254159,,0.925888,8
-0.171415,-0.292282,-0.389352,-0.150656,,16.110937,0.444108,6
0.020123,-0.229213,0.378748,-0.325858,1.50988,,0.277112,5
-0.162428,-0.437683,0.45272,-0.395148,2.691949,,0.446241,8
0.354197,-0.165093,-0.130574,-0.408781,,,0.523459,5
0.255127,0.059803,-0.128798,-0.407172,,,0.873759,6
0.462213,-0.00149,-0.127778,-0.214706,,,0.323016,5
-0.149659,0.233313,-0.313588,0.387308,17.164508,,0.526527,5
-0.060249,-0.423902,-0.232622,0.362365,1.599537,,0.881047,8
-0.328993,0.226229,0.434299,0.201394,4.339774,,0.777584,5
0.383683,0.028989,-0.090234,0.155423,2.505297,,0.834176,6
0.347797,-0.028739,0.311596,0.2956,3.216834,,0.5476,7
-0.497083,-0.45973,0.206885,0.120482,,,0.21394,6
-0.21914,0.115847,0.466319,-0.147417,,,0.378348,8
0.481882,0.104509,-0.31981,-0.389133,,,0.909486,6
-0.004572,0.123287,0.001156,-0.236405,0.22626,,0.799035,8
0.295369,-0.055918,-0.231004,-0.369977,2.841146,0.247573,0.87521,5
-0.133634,0.047256,-0.305094,0.398601,,,0.641374,5
0.059342,-0.176349,-0.03636,0.185154,,,0.686517,6
-0.357931,0.336586,0.14577,0.499636,1.270538,,0.844099,5
-0.435469,-0.476053,0.055816,-0.237626,,,0.794545,7
0.350735,0.245826,-0.16207,-0.009642,3.585146,,0.68311,7
0.492801,0.407267,0.433038,0.184872,3.774571,,0.618505,8
-0.408008,0.404357,-0.464456,0.205861,1.638871,,0.400698,5
-0.476244,0.011794,0.370963,-0.172284,,,0.551908,5
0.429021,0.445226,0.202729,-0.087199,,,0.276578,7
-0.404491,-0.480398,0.064192,-0.26389,,,0.335246,7
-0.28565,-0.429507,-0.188715,-0.420826,4.110545,,0.626339,8
0.431421,0.433314,-0.18822,-0.30531,1.744067,,0.168157,8
0.13694,0.324069,0.299275,-0.297724,,,0.60969,6
-0.369776,0.224892,0.046528,0.426306,,,0.917043,7
-0.220775,0.403177,0.056547,-0.177208,,,0.676194,8
-0.071261,0.174655,0.112713,-0.07226,,1.820384,0.303224,6
0.407714,-0.168734,-0.235125,-0.070156,,,0.638534,5
-0.340284,0.110681,-0.019302,-0.210972,,,0.64936,7
-0.355444,0.290171,-0.192315,-0.065899,,,0.670493,8
0.372964,0.147319,0.354317,-0.257375,,,0.675048,7
0.10495,0.426869,0.096682,0.019721,0.250424,,0.681261,7
-0.15498,-0.294895,0.328898,-0.375932,,,0.535229,5
0.443073,-0.114693,0.028881,0.466774,6.619302,,0.487482,7
-0.211154,0.031608,0.315646,-0.051715,2.960237,,0.407793,7
-0.098419,-0.112189,0.460326,-0.26478,0.080653,,0.34077,8
-0.458623,0.001193,-0.381243,0.014314,0.828694,,0.642826,5
-0.109052,-0.199131,0.270611,0.01165,,,0.876123,6
-0.202216,0.163082,0.461721,-0.036558,1.979663,,0.806395,5
0.004996,0.293727,0.336525,0.423266,,,0.561949,8
-0.469305,0.233382,-0.159963,0.118198,0.589588,,0.923804,7
0.306338,0.475122,0.36631,-0.455113,,,0.629994,8
-0.01757,-0.411864,-0.115832,0.425825,1.150024,2.955654,0.400779,8
0.077326,-0.278926,0.404277,-0.015195,,,0.395767,7
0.449966,-0.154137,0.111797,-0.11527,,,0.530078,8
0.095887,-0.073451,-0.070852,-0.241095,,,0.848264,7
-0.082503,-0.00163,-0.322963,-0.197842,0.109861,,0.449574,7
-0.433963,-0.431351,0.195238,0.199073,0.620995,,0.497732,8
-0.030688,-0.311406,0.122976,0.355782,2.529335,,0.431732,7
0.477582,-0.365895,0.109124,0.113831,,,0.500574,5
0.184142,-0.146966,-0.158031,0.420891,1.232235,,0.552249,8
-0.469566,-0.052909,-0.034253,-0.108252,,,0.857247,7
0.409269,-0.478308,-0.062034,0.053349,6.592447,0.488963,0.594698,5
0.49435,0.05468,-0.111352,0.156423,,,0.416732,8
-0.361805,0.090345,-0.317474,-0.200602,,,0.851914,6
0.428928,-0.160739,-0.32868,-0.206412,1.319475,,0.414394,5
0.266421,-0.249031,0.384092,-0.429481,,,0.410511,7
0.047776,-0.394194,0.219037,0.232636,5.854765,,0.825497,7
0.371999,-0.103569,-0.082089,-0.406476,,,0.411976,8
0.403016,0.085978,-0.425062,-0.499122,0.718823,,0.656709,6
0.271199,0.280251,-0.316191,0.170074,,,0.496526,5
-0.161826,-0.340778,-0.253561,0.310982,0.317105,,0.43416,5
-0.260863,0.421482,-0.285582,0.346133,2.10035,,0.059993,7
-0.019081,-0.304135,-0.470973,-0.471441,4.074237,,0.897199,6
0.247548,-0.325426,0.410261,-0.089937,,,0.167428,5
0.297441,-0.136401,0.322378,-0.254913,2.960344,0.396125,0.654391,5
-0.015664,0.434992,-0.001531,0.422559,,,0.884134,7
0.376238,0.235919,-0.008257,-0.08826,,,0.937926,7
0.005108,0.04591,-0.186372,-0.402188,9.105022,,0.619528,6
0.247864,0.173236,-0.281388,-0.286899,,,0.885512,7
0.031843,-0.234323,0.111633,0.13841,2.835461,,0.255454,8
0.371241,-0.380885,-0.247594,-0.460726,,,0.410244,8
-0.173629,-0.025107,0.025321,-0.357157,,,0.399746,5
0.010448,-0.260051,-0.448119,-0.363292,1.44021,,0.603281,5
-0.159003,-0.427505,0.065756,-0.008299,,,0.657542,5
-0.485554,0.190538,0.121595,0.3303,,,0.722559,6
-0.304881,0.255792,0.458058,-0.196247,0.775485,,0.867913,7
-0.233588,-0.198145,0.365611,0.301138,,,0.699895,8
-0.309034,-0.35879,-0.272034,-0.460403,2.944789,,0.721166,6
0.404307,0.483375,-0.117445,-0.242153,,,0.915654,7
0.443429,0.212871,-0.115019,-0.306048,,,0.607999,6
0.256357,-0.293152,0.459826,0.407437,,0.148494,0.878167,8
-0.230532,-0.110722,-0.382079,-0.35401,,,0.306899,5
0.279706,-0.007256,0.114028,-0.164612,,,0.845776,5
-0.040527,0.330001,-0.084665,-0.034248,3.40839,,0.32544,8
0.397587,-0.216701,0.067613,0.235073,,,0.122881,7
0.430584,-0.048701,-0.155997,-0.078226,3.330001,,0.774284,5
-0.334758,0.08189,-0.09028,0.189564,,,0.305157,5
0.168354,0.085003,-0.262095,-0.399446,2.329364,,0.214534,7
-0.011132,-0.1037,0.022393,0.481746,,,0.565507,5
0.484598,-0.448036,-0.331042,0.164848,,,0.817422,6
0.005749,0.207742,0.360512,0.391345,,,0.840107,8
-0.148616,0.366133,-0.224643,-0.297434,,,0.73166,6
-0.49651,0.101483,0.279753,0.067677,,,0.385035,5
0.237322,-0.105772,-0.119344,0.183375,,,0.56254,7
-0.379598,0.4771,-0.003285,-0.078305,2.592437,,0.393856,7
0.091393,-0.284922,0.177253,0.077608,,,0.730871,8
0.403426,-0.308912,-0.487576,0.231119,10.507082,,0.378496,8
-0.462913,-0.160039,-0.089454,-0.019948,,,0.723441,5
0.252884,0.174793,0.392489,0.32761,1.740083,,0.701686,6
0.12496,-0.277457,-0.043615,0.456089,,,0.769064,7
0.338531,0.173437,0.423701,-0.088211,0.838966,,0.554216,5
-0.294367,0.327089,0.006079,-0.423822,,0.655005,0.82812,6
-0.433079,-0.232825,0.09609,-0.29122,1.498126,,0.436157,7
-0.163977,-0.183515,0.169598,0.265327,2.505416,,0.812792,7
0.152007,0.188887,0.043456,-0.275723,1.217982,,0.933898,7
0.150285,0.327079,-0.384484,0.211005,1.756922,,0.260152,8
0.028868,-0.453317,-0.479365,0.383474,,,0.685714,7
0.160081,0.093203,-0.340387,-0.072614,,,0.721009,7
0.220671,0.284384,-0.003298,0.485629,,,0.447816,7
0.189499,0.275087,-0.363658,0.173716,,,0.476465,8
0.415123,-0.266997,-0.247553,-0.283078,,,0.661118,5
-0.379882,0.032364,0.468944,0.058399,0.154926,,0.46543,7
0.017666,0.04732,0.054239,0.449261,,,0.758124,7
0.35431,-0.478591,-0.245091,0.032371,1.444612,,0.543055,7
-0.251377,-0.4836,-0.31286,0.218365,,,0.736558,5
0.214669,-0.279725,-0.013328,0.023266,,,0.533578,8
0.226772,0.453979,0.303227,0.48704,4.541867,,0.695469,8
-0.371149,-0.051417,0.432937,-0.446362,2.484549,,0.584421,6
0.367001,0.038924,-0.03124,-0.149593,,0.724208,0.594138,5
-0.400824,0.335078,0.011878,-0.024048,1.644352,,0.757757,8
0.466416,-0.466771,0.222508,-0.363752,3.092784,,0.654575,5
-0.3022,0.316766,-0.116809,0.460979,,,0.663727,6
-0.138369,0.224742,0.488436,0.291224,1.546878,,0.651365,5
0.268069,-0.282072,0.435724,0.288449,1.783862,,0.662205,8
-0.407038,0.192413,0.476712,-0.463174,,,0.581373,5
-0.396724,0.407521,-0.065452,0.401921,,,0.715433,8
0.405108,-0.142147,0.25682,-0.448186,,,0.834769,6
-0.180287,0.254758,-0.161951,-0.166974,,,0.768085,5
0.060764,-0.459137,0.416151,-0.355569,,,0.799038,5
0.409307,0.322542,0.251507,0.490206,,,0.700125,6
-0.061563,-0.236712,-0.053003,-0.34985,,,0.763285,5
0.39059,-0.425975,-0.458835,-0.147351,,,0.764451,6
0.17933,0.19029,0.477575,-0.002343,,,0.313825,6
-0.177122,-0.460267,-0.01236,-0.286847,1.993091,,0.358542,8
-0.12372,0.363706,-0.341499,-0.201487,4.601647,,0.823858,7
-0.080621,-0.374844,0.473628,-0.116786,5.085439,,0.437927,5
0.220762,0.137062,-0.253443,-0.242065,,,0.137964,6
-0.110539,0.198967,-0.024789,0.269719,3.793076,,0.489362,8
-0.012117,0.407078,-0.442126,-0.267377,0.132047,,0.808084,5
-0.332466,0.42205,-0.431503,0.338048,3.560204,,0.648065,7
0.455833,-0.159753,-0.4123,0.405363,,,0.807085,5
0.396022,0.001462,-0.385992,0.343103,,,0.726426,5
-0.129708,0.019657,-0.382689,0.123519,,,0.863985,8
0.256041,0.462107,-0.452699,0.237277,,,0.762496,5
0.283585,-0.021296,-0.021451,0.274927,2.702064,,0.885691,8
0.223599,-0.440784,-0.017412,0.286757,5.410804,,0.836474,8
-0.463492,-0.179343,-0.359699,0.316391,,,0.716785,8
0.467139,0.04354,0.248721,-0.042597,,,0.501496,7
0.018376,0.272124,-0.399752,-0.124919,,,0.323158,5
-0.093553,-0.028191,0.231691,0.065562,,,0.888277,8
-0.058816,0.272509,-0.021258,0.226251,,,0.290047,5
-0.187605,0.429281,-0.202231,0.006838,2.519516,,0.406376,6
-0.495275,0.400324,-0.130096,-0.112708,,,0.47724,7
-0.316172,-0.337412,0.058649,0.412148,,,0.549023,8
-0.107528,-0.216805,0.438646,-0.139672,,,0.575885,6
0.22467,0.415527,0.120399,0.106617,,,0.598282,6
0.270797,0.323863,-0.454993,-0.301093,,,0.389542,5
0.078184,0.487916,-0.437044,0.081457,,1.429044,0.45229,8
0.195598,-0.488999,-0.116037,0.377514,,,0.545387,8
0.063568,0.2537,-0.162719,-0.389771,,1.338681,0.439115,7
-0.190072,-0.448307,0.013509,0.422377,,,0.589123,5
0.37525,-0.054177,0.074717,-0.136815,,,0.828243,6
0.107818,-0.440049,-0.494932,0.259397,,,0.513588,8
-0.215597,-0.255045,-0.469548,0.257979,,,0.66311,6
-0.023619,-0.35457,-0.261227,-0.278261,,,0.326984,6
0.467504,-0.3469,-0.115622,-0.003718,,,0.48953,8
-0.285508,0.095431,0.364867,0.359214,,,0.228221,7
-0.289184,-0.447904,0.365922,-0.028732,9.291819,,0.461976,5
0.396396,-0.112895,-0.482972,0.052539,,,0.374255,6
0.225205,0.087376,-0.40473,-0.276171,,,0.690151,8
-0.308317,0.238825,0.409554,0.417914,7.661661,,0.552641,8
-0.486536,0.131281,0.160966,-0.265648,4.38538,,0.410722,6
-0.195283,-0.371075,-0.011198,0.359361,,,0.938992,5
-0.139954,0.248008,-0.274494,-0.193755,,,0.337977,7
-0.055424,0.154232,-0.439143,0.271957,,,0.711161,6
0.378488,0.311126,-0.476955,0.031209,,,0.587564,6
-0.423439,0.46018,0.075673,-0.066895,7.209447,,0.676607,7
0.011509,-0.469552,-0.401312,0.172907,,,0.63144,6
-0.407875,0.105885,0.376869,-0.417328,2.404637,,0.625571,8
-0.193405,0.210702,0.134936,-0.002907,,,0.566354,6
-0.146018,-0.149785,-0.339889,0.235528,1.270519,,0.712347,5
-0.401163,0.378724,-0.417339,-0.359596,,,0.315445,6
-0.425688,-0.253932,0.049953,0.251477,,,0.415852,8
-0.361254,-0.442588,-0.050931,-0.243071,,,0.733024,8
0.446066,-0.276327,-0.454293,-0.26323,,,0.501155,8
0.187938,0.385619,-0.170314,-0.25748,,,0.426385,6
-0.089708,-0.461908,0.422462,-0.286524,,,0.751216,6
-0.228607,-0.206862,0.182552,0.125751,,,0.577065,7
-0.122031,-0.466438,0.087273,0.168797,,,0.761716,6
0.143534,-0.362151,0.158244,0.448537,,,0.644462,8
0.161097,0.162471,0.492881,-0.102857,,,0.593253,6
-0.446466,-0.062262,-0.275098,-0.344623,,,0.111145,6
0.272849,0.205987,-0.086241,0.133338,,,0.665559,5
0.016842,0.413873,-0.05185,-0.268314,,,0.202792,7
0.298377,0.399644,-0.170177,0.166283,,,0.819897,5
-0.256615,-0.442716,-0.153831,-0.346317,,,0.546205,7
0.161312,-0.431095,-0.032346,0.403658,0.216405,,0.908545,6
-0.339369,0.032347,-0.423516,0.42501,,,0.738766,7
-0.027906,-0.003441,-0.286698,0.422124,,4.119888,0.326815,7
-0.393469,-0.073194,0.069091,0.317501,,,0.577617,8
0.215639,0.1823,-0.434203,-0.360572,0.327077,,0.742077,8
0.363907,-0.041139,0.495559,-0.092013,1.087166,,0.378665,8
-0.034542,0.433832,0.266239,0.490788,3.23188,,0.483426,8
-0.233913,-0.168916,-0.032623,0.459932,0.193777,,0.418491,8
-0.014791,0.30622,0.093981,0.240738,,,0.834901,8
-0.287588,0.262478,0.100845,0.173733,3.858459,,0.426001,8
0.400926,-0.135462,0.392317,-0.048242,3.270626,,0.466538,8
0.401413,0.054627,-0.397864,0.242305,,,0.334778,5
0.121542,-0.485787,0.178877,0.444373,2.266787,,0.618568,5
0.288756,0.226658,-0.179318,0.4422,0.499172,0.020161,0.262699,7
0.011414,0.377874,-0.067903,0.053622,,,0.662798,5
-0.393942,0.242876,-0.156062,0.119173,,,0.703531,8
-0.096655,-0.327412,0.42935,-0.09832,6.344969,,0.853278,6
0.42128,0.01913,-0.378943,-0.171634,3.066574,,0.772318,6
-0.001959,0.08682,-0.261402,-0.1506,,,0.758232,5
-0.103361,-0.288272,0.461056,-0.33243,0.833641,,0.542324,6
0.3487,0.435726,-0.0049,-0.425873,0.989493,,0.133705,6
-0.003718,0.312641,-0.179992,0.296263,,,0.149878,7
0.03862,0.36278,0.095097,0.125097,6.535287,,0.397009,5
-0.194626,0.249057,0.130012,-0.29178,7.201193,,0.575228,5
0.153082,-0.026689,-0.119947,0.388265,,,0.477061,7
0.231576,0.203105,-0.375616,0.192208,0.524963,,0.822854,8
-0.117874,0.190922,-0.038042,-0.373182,3.091414,,0.405111,5
-0.272212,0.417478,0.270002,-0.196699,,,0.555166,6
-0.445235,0.257962,0.352162,-0.453914,,,0.43103,5
-0.023721,-0.436304,0.296166,-0.244256,1.693211,,0.826338,8
-0.011475,0.139851,-0.323853,0.45297,,,0.685928,8
-0.179034,0.331804,0.095676,-0.318192,,,0.39358,5
-0.344804,-0.140276,0.241034,-0.318857,,,0.328868,8
-0.446087,0.068408,0.431257,-0.012756,1.770134,,0.72645,8
-0.058312,-0.480555,-0.424424,-0.30988,,,0.947294,6
0.352332,0.430921,-0.46217,0.219467,,,0.313015,8
-0.215827,0.023222,-0.368348,-0.132183,4.490787,,0.587498,8
0.219489,-0.224158,0.270328,0.346637,,,0.737026,5
0.303098,-0.328408,-0.260204,0.374976,,,0.702664,5
0.207792,0.095847,-0.345834,-0.245432,,,0.696121,8
-0.465351,0.115913,-0.410399,0.208178,3.767148,,0.732941,7
-0.024603,0.301835,0.436097,-0.47431,,,0.298927,6
